transaction_id,customer_id,amount,previous_successes,previous_failures,customer_age_days,is_subscription,is_active,failure_reason,failed,recovered
T100000,C1103,1457.37,3,3,467,1,0,temporary_failure,0,1
T100001,C1436,2799.97,4,0,696,1,1,expired_method,0,1
T100002,C1861,818.74,5,1,1264,1,1,technical_error,0,1
T100003,C1271,739.13,7,1,1301,1,1,expired_method,0,1
T100004,C1107,2343.91,7,2,955,0,1,authentication_failure,0,1
T100005,C1072,395.92,5,2,1391,0,0,expired_method,0,1
T100006,C1701,1435.31,13,1,498,1,1,expired_method,0,1
T100007,C1021,1056.36,8,3,633,1,1,checkout_abandoned,1,1
T100008,C1615,466.7,2,0,49,0,0,technical_error,1,1
T100009,C1122,666.17,3,3,739,0,1,temporary_failure,1,1
T100010,C1467,1234.31,5,1,757,1,1,expired_method,0,1
T100011,C1215,2908.73,9,2,1225,0,0,insufficient_funds,1,1
T100012,C1331,820.8,7,0,284,0,1,authentication_failure,0,1
T100013,C1459,3327.7,6,2,761,0,1,insufficient_funds,0,1
T100014,C1088,1404.43,7,2,365,0,0,checkout_abandoned,0,1
T100015,C1373,3578.82,5,2,164,1,1,checkout_abandoned,0,1
T100016,C1100,851.19,6,1,701,0,1,insufficient_funds,0,1
T100017,C1872,1291.28,4,1,772,0,0,temporary_failure,0,1
T100018,C1664,1765.81,3,2,1224,0,0,temporary_failure,0,1
T100019,C1131,1170.71,7,2,1110,0,1,insufficient_funds,0,1
T100020,C1662,2737.41,6,0,64,0,1,technical_error,0,1
T100021,C1309,255.78,4,1,725,0,1,insufficient_funds,0,1
T100022,C1770,8240.4,5,1,680,1,0,insufficient_funds,1,1
T100023,C1344,2548.68,5,2,1172,0,1,checkout_abandoned,0,1
T100024,C1492,1175.97,3,1,410,1,1,temporary_failure,0,1
T100025,C1414,885.15,2,3,239,1,1,temporary_failure,0,1
T100026,C1806,699.37,1,0,1355,0,1,expired_method,0,1
T100027,C1386,2173.76,3,1,76,0,0,technical_error,0,1
T100028,C1192,2824.92,2,1,1131,0,1,technical_error,0,1
T100029,C1277,1185.72,6,1,123,0,1,authentication_failure,1,1
T100030,C1161,3072.49,4,0,425,1,1,expired_method,1,1
T100031,C1460,678.28,4,1,1046,0,1,insufficient_funds,1,1
T100032,C1314,594.16,7,2,1255,1,1,expired_method,0,1
T100033,C1022,5218.71,4,0,1456,1,1,authentication_failure,0,1
T100034,C1253,2086.68,3,1,1054,1,1,insufficient_funds,0,1
T100035,C1748,3818.59,4,1,224,0,0,temporary_failure,0,1
T100036,C1857,705.95,4,0,1177,0,1,temporary_failure,1,1
T100037,C1561,670.05,5,4,499,0,0,authentication_failure,0,1
T100038,C1475,1023.56,6,0,912,1,1,authentication_failure,0,1
T100039,C1059,721.95,3,1,349,0,1,temporary_failure,0,1
T100040,C1511,2273.38,4,1,121,1,1,checkout_abandoned,0,1
T100041,C1682,762.54,3,1,1011,0,1,checkout_abandoned,0,1
T100042,C1476,556.27,2,0,391,0,1,checkout_abandoned,0,1
T100043,C1700,1489.97,0,2,1111,0,0,authentication_failure,1,0
T100044,C1783,509.03,5,3,95,0,1,expired_method,1,1
T100045,C1190,347.37,4,3,370,0,1,technical_error,1,1
T100046,C1687,1480.22,7,0,493,0,1,expired_method,0,1
T100047,C1563,360.71,1,1,483,0,1,temporary_failure,0,1
T100048,C1876,2395.77,3,2,1109,1,0,authentication_failure,1,1
T100049,C1567,470.36,5,2,890,0,1,expired_method,0,1
T100050,C1244,249.51,5,2,1064,1,1,technical_error,0,1
T100051,C1832,1074.54,7,2,1393,1,1,insufficient_funds,1,1
T100052,C1505,1492.86,2,1,1357,0,1,temporary_failure,0,1
T100053,C1131,1936.44,4,4,177,0,1,technical_error,0,1
T100054,C1485,1523.88,4,1,1316,0,1,insufficient_funds,0,1
T100055,C1819,605.17,4,0,914,0,1,insufficient_funds,1,1
T100056,C1647,2286.54,6,1,981,1,1,expired_method,0,1
T100057,C1021,2752.06,8,2,1253,1,1,checkout_abandoned,0,1
T100058,C1841,542.22,6,0,1305,0,1,expired_method,1,1
T100059,C1167,1169.4,5,1,376,1,1,temporary_failure,0,1
T100060,C1274,1090.26,3,0,1146,1,1,insufficient_funds,0,1
T100061,C1388,1580.17,2,2,581,0,0,technical_error,0,1
T100062,C1601,1148.61,7,0,856,0,1,expired_method,0,1
T100063,C1316,1272.95,3,0,914,0,0,expired_method,0,1
T100064,C1014,2167.57,6,0,958,0,0,checkout_abandoned,1,1
T100065,C1242,580.92,2,0,897,0,0,checkout_abandoned,0,1
T100066,C1777,2328.62,7,1,373,0,0,insufficient_funds,0,1
T100067,C1346,3152.18,4,0,1321,0,0,checkout_abandoned,0,1
T100068,C1565,4562.39,9,0,1088,1,1,temporary_failure,0,1
T100069,C1898,268.4,9,2,1276,0,0,expired_method,0,1
T100070,C1340,1167.74,3,2,162,0,1,insufficient_funds,0,1
T100071,C1092,306.79,10,2,178,0,1,expired_method,1,1
T100072,C1367,215.66,8,3,1142,0,0,temporary_failure,0,1
T100073,C1455,1492.29,3,3,934,1,1,expired_method,0,1
T100074,C1428,992.91,6,2,905,1,1,temporary_failure,0,1
T100075,C1509,1677.21,5,0,1371,0,0,checkout_abandoned,0,1
T100076,C1776,1928.69,4,2,45,1,1,authentication_failure,0,1
T100077,C1035,3414.96,1,3,733,0,1,insufficient_funds,0,1
T100078,C1206,1394.71,3,3,1373,0,1,expired_method,0,1
T100079,C1081,11998.26,5,1,1164,1,0,insufficient_funds,1,1
T100080,C1562,1685.48,5,2,68,1,0,technical_error,1,1
T100081,C1872,5334.01,7,3,1193,1,0,authentication_failure,0,1
T100082,C1388,232.84,2,0,819,1,1,checkout_abandoned,0,1
T100083,C1002,3686.03,4,0,338,0,1,expired_method,0,1
T100084,C1390,1169.61,4,0,567,0,1,temporary_failure,1,1
T100085,C1566,310.67,4,1,1401,0,1,temporary_failure,0,1
T100086,C1106,1836.12,8,2,996,1,1,insufficient_funds,0,1
T100087,C1772,1067.19,9,0,353,1,1,checkout_abandoned,1,1
T100088,C1822,2069.45,6,0,1345,1,1,checkout_abandoned,0,1
T100089,C1477,2859.23,3,1,644,0,0,checkout_abandoned,0,1
T100090,C1703,438.4,5,1,1247,1,0,technical_error,0,1
T100091,C1402,2867.48,5,2,1191,1,1,temporary_failure,0,1
T100092,C1730,1345.96,4,0,173,0,1,technical_error,1,0
T100093,C1556,3694.61,3,0,291,0,1,authentication_failure,0,1
T100094,C1162,1148.42,2,2,1083,1,0,temporary_failure,0,1
T100095,C1202,941.24,3,0,139,1,0,authentication_failure,0,1
T100096,C1270,1366.89,3,0,1395,0,1,insufficient_funds,1,0
T100097,C1863,1445.77,6,2,885,0,1,expired_method,0,1
T100098,C1816,814.77,6,3,272,0,1,expired_method,0,1
T100099,C1271,923.13,2,0,1188,1,1,insufficient_funds,0,1
T100100,C1456,533.71,2,3,1369,1,0,expired_method,0,1
T100101,C1462,966.82,3,0,1338,1,1,temporary_failure,0,1
T100102,C1727,2224.38,10,1,55,0,0,checkout_abandoned,0,1
T100103,C1252,1208.32,1,2,1281,1,1,authentication_failure,0,1
T100104,C1702,2854.92,4,0,742,0,1,expired_method,0,1
T100105,C1296,1165.53,3,1,1246,1,0,insufficient_funds,0,1
T100106,C1725,457.77,8,1,1443,0,1,technical_error,0,1
T100107,C1720,2096.36,1,0,11,1,0,expired_method,0,1
T100108,C1749,808.18,8,1,727,0,0,expired_method,0,1
T100109,C1338,1124.37,8,1,751,1,1,checkout_abandoned,1,0
T100110,C1879,3388.62,5,0,1353,1,1,temporary_failure,0,1
T100111,C1053,560.79,9,2,877,0,0,authentication_failure,1,1
T100112,C1792,1515.59,5,0,262,0,1,insufficient_funds,1,0
T100113,C1217,1299.34,10,2,837,0,1,insufficient_funds,1,0
T100114,C1764,2265.83,9,0,98,0,0,checkout_abandoned,0,1
T100115,C1188,2543.67,4,1,1048,0,0,technical_error,0,1
T100116,C1380,1632.52,5,1,1198,0,0,checkout_abandoned,0,1
T100117,C1493,1022.21,7,1,1460,1,1,temporary_failure,0,1
T100118,C1041,1910.33,8,1,701,1,0,expired_method,1,1
T100119,C1157,3647.3,4,1,981,0,0,insufficient_funds,0,1
T100120,C1015,1312.29,2,1,627,0,1,checkout_abandoned,0,1
T100121,C1813,1096.15,8,2,1452,0,1,insufficient_funds,0,1
T100122,C1065,1792.07,7,1,1443,0,1,technical_error,1,1
T100123,C1857,1378.91,5,0,994,1,0,temporary_failure,0,1
T100124,C1839,491.13,9,0,478,0,0,expired_method,0,1
T100125,C1521,1602.79,8,3,650,1,1,temporary_failure,1,1
T100126,C1344,487.81,6,2,446,0,1,checkout_abandoned,0,1
T100127,C1129,1773.77,6,1,214,1,0,insufficient_funds,1,0
T100128,C1648,736.67,5,1,1063,1,1,temporary_failure,1,1
T100129,C1472,1376.99,4,1,965,0,1,checkout_abandoned,1,1
T100130,C1063,1795.33,9,2,531,1,1,expired_method,0,1
T100131,C1139,8437.38,2,0,294,0,1,expired_method,0,1
T100132,C1499,2338.03,8,1,846,0,1,temporary_failure,0,1
T100133,C1593,3727.9,5,3,1425,1,1,technical_error,1,1
T100134,C1392,5452.4,4,1,446,1,1,technical_error,0,1
T100135,C1675,1933.22,5,1,1172,0,1,temporary_failure,0,1
T100136,C1419,1659.49,3,1,675,0,0,expired_method,0,1
T100137,C1289,601.82,8,2,668,0,0,authentication_failure,0,1
T100138,C1379,1227.25,7,3,924,1,1,authentication_failure,1,0
T100139,C1773,778.75,4,0,1447,1,0,insufficient_funds,0,1
T100140,C1490,991.49,2,0,786,0,1,insufficient_funds,0,1
T100141,C1231,5447.97,3,2,656,1,1,checkout_abandoned,1,1
T100142,C1041,1459.67,2,3,539,0,1,technical_error,0,1
T100143,C1028,694.42,7,2,146,1,0,checkout_abandoned,0,1
T100144,C1135,3755.21,5,0,399,0,1,temporary_failure,0,1
T100145,C1201,2742.04,6,1,207,0,1,checkout_abandoned,0,1
T100146,C1840,2851.9,2,0,566,0,1,temporary_failure,0,1
T100147,C1780,297.5,6,1,415,0,0,insufficient_funds,1,1
T100148,C1033,5776.21,3,2,466,0,1,insufficient_funds,0,1
T100149,C1048,881.05,3,0,1487,0,1,checkout_abandoned,0,1
T100150,C1503,2400.58,3,1,1120,0,0,temporary_failure,1,1
T100151,C1407,8891.49,6,0,1242,0,0,technical_error,1,1
T100152,C1574,6744.61,5,2,233,0,1,authentication_failure,0,1
T100153,C1728,643.44,8,0,1286,0,1,temporary_failure,0,1
T100154,C1805,453.33,4,2,1193,0,1,temporary_failure,0,1
T100155,C1099,3915.74,5,2,1262,1,0,temporary_failure,0,1
T100156,C1684,1490.02,5,1,1228,0,1,checkout_abandoned,0,1
T100157,C1872,919.97,7,0,1410,0,1,temporary_failure,0,1
T100158,C1726,2134.34,6,0,153,1,1,temporary_failure,0,1
T100159,C1547,1185.41,1,0,139,0,0,temporary_failure,1,1
T100160,C1739,2266.5,2,3,1484,0,0,insufficient_funds,0,1
T100161,C1613,1408.44,7,2,1074,0,1,insufficient_funds,0,1
T100162,C1462,2302.59,9,3,1047,0,1,expired_method,1,1
T100163,C1643,684.78,10,1,983,1,0,technical_error,0,1
T100164,C1769,3898.5,7,0,999,0,0,technical_error,1,1
T100165,C1005,2260.22,7,1,1466,0,0,expired_method,0,1
T100166,C1218,2174.87,2,1,1466,0,0,insufficient_funds,0,1
T100167,C1503,579.26,5,0,548,0,0,insufficient_funds,0,1
T100168,C1767,4792.1,5,0,432,0,1,checkout_abandoned,0,1
T100169,C1398,1325.72,7,1,1362,0,1,insufficient_funds,0,1
T100170,C1871,2312.39,5,0,941,1,1,insufficient_funds,0,1
T100171,C1795,1051.4,6,1,909,1,1,insufficient_funds,0,1
T100172,C1393,1628.91,4,0,94,0,1,checkout_abandoned,0,1
T100173,C1207,1673.79,11,1,878,1,1,insufficient_funds,0,1
T100174,C1015,161.59,5,1,11,1,1,checkout_abandoned,0,1
T100175,C1858,2073.17,6,0,216,1,0,temporary_failure,0,1
T100176,C1554,5848.88,3,1,421,0,1,technical_error,0,1
T100177,C1892,2007.88,1,2,610,1,1,checkout_abandoned,0,1
T100178,C1461,653.09,5,0,130,0,1,checkout_abandoned,1,1
T100179,C1691,2180.85,5,2,1490,1,1,temporary_failure,0,1
T100180,C1575,2964.94,5,0,18,0,0,expired_method,0,1
T100181,C1864,1967.17,6,2,321,1,0,technical_error,0,1
T100182,C1743,1267.0,1,2,833,0,1,technical_error,0,1
T100183,C1241,1116.98,11,2,1237,1,1,expired_method,1,1
T100184,C1564,1113.5,1,2,838,0,0,insufficient_funds,1,0
T100185,C1096,2260.48,5,2,509,1,1,temporary_failure,0,1
T100186,C1734,466.22,6,1,918,1,1,expired_method,0,1
T100187,C1485,1013.43,5,3,659,0,1,temporary_failure,0,1
T100188,C1407,4432.45,5,1,154,0,0,temporary_failure,0,1
T100189,C1231,4562.59,3,1,410,0,0,insufficient_funds,0,1
T100190,C1749,442.04,5,1,936,0,1,expired_method,0,1
T100191,C1655,573.32,2,2,695,1,0,technical_error,0,1
T100192,C1171,1093.39,7,0,764,0,1,insufficient_funds,0,1
T100193,C1541,2616.11,6,0,492,0,0,expired_method,1,1
T100194,C1036,340.15,5,2,109,1,1,technical_error,0,1
T100195,C1525,1285.49,4,1,1236,0,1,authentication_failure,0,1
T100196,C1160,938.58,4,2,1241,0,1,temporary_failure,1,1
T100197,C1839,3620.88,6,0,614,0,0,insufficient_funds,0,1
T100198,C1699,380.82,11,1,758,1,1,insufficient_funds,0,1
T100199,C1243,1435.7,6,2,795,0,1,checkout_abandoned,1,1
T100200,C1086,997.04,4,1,276,0,1,authentication_failure,0,1
T100201,C1796,4033.34,0,0,515,0,1,expired_method,0,1
T100202,C1578,2096.95,5,3,259,1,1,insufficient_funds,0,1
T100203,C1682,863.19,3,2,448,0,1,insufficient_funds,1,0
T100204,C1557,2540.31,2,1,396,1,1,insufficient_funds,0,1
T100205,C1574,1000.62,4,2,1495,1,1,temporary_failure,0,1
T100206,C1646,2834.15,5,1,505,0,1,technical_error,0,1
T100207,C1796,1121.24,8,2,625,1,1,authentication_failure,0,1
T100208,C1028,2954.25,2,1,994,0,1,insufficient_funds,1,0
T100209,C1620,1857.64,4,2,665,1,1,insufficient_funds,0,1
T100210,C1556,15450.06,9,1,146,1,1,temporary_failure,0,1
T100211,C1340,1287.33,2,2,589,0,1,insufficient_funds,1,0
T100212,C1798,1784.95,5,1,182,1,1,checkout_abandoned,1,1
T100213,C1331,934.89,6,4,11,0,0,insufficient_funds,1,0
T100214,C1640,1342.13,6,0,1152,0,1,insufficient_funds,1,1
T100215,C1506,176.55,6,2,866,0,0,insufficient_funds,0,1
T100216,C1348,1899.2,5,0,507,1,1,checkout_abandoned,0,1
T100217,C1473,3667.1,5,1,1153,0,1,checkout_abandoned,0,1
T100218,C1231,1803.48,5,2,799,0,1,checkout_abandoned,0,1
T100219,C1190,500.0,5,0,1410,1,1,expired_method,1,1
T100220,C1225,734.11,2,0,974,1,1,authentication_failure,0,1
T100221,C1385,216.45,2,0,158,1,1,checkout_abandoned,0,1
T100222,C1377,2791.11,7,0,851,0,1,insufficient_funds,0,1
T100223,C1283,629.62,4,2,864,1,0,checkout_abandoned,0,1
T100224,C1633,1310.9,5,0,228,1,1,technical_error,0,1
T100225,C1628,1193.56,2,2,192,0,1,temporary_failure,0,1
T100226,C1745,4087.94,4,0,525,1,1,expired_method,0,1
T100227,C1259,1427.9,6,1,579,0,1,authentication_failure,0,1
T100228,C1359,2456.93,3,2,207,1,1,expired_method,0,1
T100229,C1710,2017.97,6,3,1407,1,1,technical_error,0,1
T100230,C1456,3712.86,3,1,1476,1,1,temporary_failure,0,1
T100231,C1411,1119.52,9,1,1059,0,0,expired_method,0,1
T100232,C1649,5443.68,0,0,467,1,0,technical_error,0,1
T100233,C1318,302.1,2,1,122,0,1,temporary_failure,0,1
T100234,C1677,2548.1,3,0,718,0,1,insufficient_funds,0,1
T100235,C1225,699.27,9,3,1262,0,0,expired_method,1,1
T100236,C1819,925.6,4,0,369,0,1,checkout_abandoned,0,1
T100237,C1234,2053.01,7,0,1418,0,1,expired_method,0,1
T100238,C1684,2040.71,6,1,1474,1,1,temporary_failure,1,0
T100239,C1664,2110.8,9,1,1131,0,1,technical_error,1,1
T100240,C1827,473.61,4,1,1337,0,1,expired_method,0,1
T100241,C1374,3971.0,7,0,721,1,0,checkout_abandoned,0,1
T100242,C1672,681.65,3,1,1054,0,1,expired_method,0,1
T100243,C1608,753.35,5,1,936,0,1,temporary_failure,0,1
T100244,C1472,2161.21,4,1,184,0,1,checkout_abandoned,0,1
T100245,C1233,1080.26,2,1,288,0,1,temporary_failure,0,1
T100246,C1692,1687.82,1,2,217,0,1,expired_method,1,1
T100247,C1113,265.75,2,2,784,0,0,checkout_abandoned,0,1
T100248,C1830,1657.79,5,1,1417,1,0,insufficient_funds,0,1
T100249,C1497,1577.15,5,1,314,1,1,authentication_failure,1,0
T100250,C1442,913.79,5,4,737,1,0,temporary_failure,1,1
T100251,C1564,282.72,8,1,1001,0,1,checkout_abandoned,0,1
T100252,C1268,1141.84,6,0,1388,0,1,temporary_failure,0,1
T100253,C1510,1302.41,3,1,40,0,1,checkout_abandoned,0,1
T100254,C1807,1016.97,3,3,134,0,1,insufficient_funds,1,0
T100255,C1386,337.94,5,3,440,1,0,checkout_abandoned,1,1
T100256,C1387,4429.54,3,0,870,0,1,temporary_failure,0,1
T100257,C1113,829.53,2,1,717,1,1,expired_method,0,1
T100258,C1613,1133.82,6,2,1324,0,1,checkout_abandoned,0,1
T100259,C1625,219.84,6,3,468,0,0,technical_error,1,1
T100260,C1081,4429.94,6,0,1067,0,0,expired_method,0,1
T100261,C1699,943.96,6,4,752,0,1,checkout_abandoned,0,1
T100262,C1113,1442.09,7,1,350,1,1,temporary_failure,0,1
T100263,C1002,3104.33,2,1,848,1,0,insufficient_funds,1,0
T100264,C1642,806.55,7,0,1370,0,1,technical_error,0,1
T100265,C1220,2758.48,4,0,1203,0,1,technical_error,0,1
T100266,C1566,285.43,5,2,1179,0,1,expired_method,0,1
T100267,C1855,2024.83,5,0,329,0,1,temporary_failure,0,1
T100268,C1736,4355.44,5,1,1062,0,1,temporary_failure,0,1
T100269,C1225,866.7,4,1,383,1,0,insufficient_funds,0,1
T100270,C1385,3100.01,4,2,380,1,1,temporary_failure,1,1
T100271,C1403,5299.89,3,1,1043,0,1,expired_method,0,1
T100272,C1638,1106.4,3,2,425,1,1,temporary_failure,1,1
T100273,C1130,1039.87,7,2,966,1,1,expired_method,1,1
T100274,C1053,682.85,5,2,1148,0,0,technical_error,0,1
T100275,C1684,913.88,4,4,93,0,1,insufficient_funds,0,1
T100276,C1730,726.68,9,1,592,0,1,temporary_failure,1,1
T100277,C1672,682.43,5,3,892,0,1,authentication_failure,0,1
T100278,C1710,3291.59,5,4,1089,0,0,technical_error,0,1
T100279,C1416,740.67,6,0,880,0,0,insufficient_funds,0,1
T100280,C1247,1626.02,6,1,309,0,1,authentication_failure,0,1
T100281,C1836,1378.4,6,2,231,1,0,technical_error,0,1
T100282,C1439,4119.85,4,0,943,0,1,insufficient_funds,0,1
T100283,C1203,918.4,3,0,242,0,1,authentication_failure,0,1
T100284,C1184,1782.66,4,2,187,1,1,insufficient_funds,0,1
T100285,C1123,2424.31,5,3,83,1,0,technical_error,1,1
T100286,C1401,4094.14,2,0,1321,0,0,insufficient_funds,0,1
T100287,C1767,908.4,6,0,898,1,1,technical_error,0,1
T100288,C1294,842.67,0,0,1379,0,0,insufficient_funds,0,1
T100289,C1280,604.05,9,4,62,1,1,authentication_failure,0,1
T100290,C1837,7166.87,3,3,1465,1,1,expired_method,0,1
T100291,C1884,3783.31,10,3,474,1,1,technical_error,1,1
T100292,C1610,1297.7,4,2,778,1,0,authentication_failure,0,1
T100293,C1198,5702.04,4,0,127,1,1,temporary_failure,0,1
T100294,C1511,1240.91,7,2,227,0,0,temporary_failure,0,1
T100295,C1752,2306.09,5,2,629,0,0,authentication_failure,0,1
T100296,C1144,1349.69,4,0,810,1,1,temporary_failure,0,1
T100297,C1609,1805.07,10,0,291,1,1,checkout_abandoned,0,1
T100298,C1201,1667.07,5,3,1331,1,1,expired_method,0,1
T100299,C1124,973.85,7,0,723,1,0,insufficient_funds,1,0
T100300,C1187,3039.27,3,0,1331,0,1,temporary_failure,0,1
T100301,C1326,2291.51,4,0,617,1,1,expired_method,0,1
T100302,C1464,2895.09,3,0,1072,1,1,insufficient_funds,0,1
T100303,C1349,1703.04,2,0,1350,0,1,authentication_failure,0,1
T100304,C1771,678.63,3,4,1336,1,1,temporary_failure,0,1
T100305,C1660,4827.29,6,0,947,0,0,expired_method,0,1
T100306,C1764,1100.02,7,1,825,1,1,temporary_failure,0,1
T100307,C1403,1759.97,5,1,189,1,1,technical_error,1,1
T100308,C1346,2157.13,3,0,1194,0,1,authentication_failure,0,1
T100309,C1511,1751.22,3,0,1188,0,0,insufficient_funds,0,1
T100310,C1147,2661.28,7,2,1190,0,1,technical_error,1,1
T100311,C1148,2996.0,3,1,393,0,0,checkout_abandoned,0,1
T100312,C1864,1131.59,4,0,876,0,1,technical_error,0,1
T100313,C1711,4532.82,7,1,293,0,1,authentication_failure,0,1
T100314,C1820,1096.44,4,1,460,0,0,temporary_failure,0,1
T100315,C1489,1724.27,2,3,371,0,1,authentication_failure,0,1
T100316,C1640,1001.49,3,3,486,1,0,temporary_failure,0,1
T100317,C1551,808.27,2,0,1177,0,1,expired_method,0,1
T100318,C1338,2931.13,8,0,109,1,1,insufficient_funds,1,1
T100319,C1872,13924.74,6,0,266,0,1,temporary_failure,0,1
T100320,C1641,1021.15,12,1,1371,1,1,temporary_failure,0,1
T100321,C1779,3332.54,4,2,397,1,1,expired_method,0,1
T100322,C1473,1048.97,3,1,141,0,1,checkout_abandoned,0,1
T100323,C1151,1328.94,1,0,636,0,1,temporary_failure,0,1
T100324,C1415,5004.98,6,0,413,1,1,temporary_failure,0,1
T100325,C1298,598.75,2,2,328,0,1,checkout_abandoned,0,1
T100326,C1611,490.97,4,2,476,0,0,expired_method,0,1
T100327,C1263,1254.64,4,3,812,0,1,technical_error,1,1
T100328,C1764,2203.37,5,0,125,0,1,expired_method,0,1
T100329,C1144,1896.47,4,1,822,1,0,checkout_abandoned,0,1
T100330,C1346,1755.5,5,2,1090,1,1,expired_method,0,1
T100331,C1624,1374.16,7,2,1410,1,1,temporary_failure,0,1
T100332,C1572,2416.09,6,0,673,0,0,technical_error,0,1
T100333,C1881,150.62,4,0,285,0,1,technical_error,1,1
T100334,C1002,762.72,5,0,507,1,0,checkout_abandoned,0,1
T100335,C1897,1248.62,3,1,514,1,0,checkout_abandoned,0,1
T100336,C1304,2271.97,1,0,1199,0,1,temporary_failure,0,1
T100337,C1254,4094.19,4,1,161,1,1,checkout_abandoned,0,1
T100338,C1652,689.64,5,0,1245,1,1,insufficient_funds,1,0
T100339,C1453,3995.04,6,3,289,0,1,insufficient_funds,0,1
T100340,C1037,953.92,4,0,1359,1,1,insufficient_funds,0,1
T100341,C1160,1215.08,5,4,1135,0,1,expired_method,0,1
T100342,C1009,2071.6,7,4,392,0,0,authentication_failure,1,0
T100343,C1233,1150.06,5,0,1407,0,1,expired_method,0,1
T100344,C1099,3079.7,5,2,774,0,1,insufficient_funds,0,1
T100345,C1659,988.85,9,2,290,1,0,temporary_failure,0,1
T100346,C1816,1000.09,3,2,489,1,0,authentication_failure,0,1
T100347,C1208,2948.3,5,2,474,0,1,temporary_failure,0,1
T100348,C1131,755.71,3,1,1486,0,0,temporary_failure,0,1
T100349,C1404,1614.36,5,1,282,0,1,temporary_failure,0,1
T100350,C1152,385.54,4,1,1490,0,1,temporary_failure,0,1
T100351,C1054,5243.42,3,0,523,1,1,expired_method,0,1
T100352,C1120,3310.7,7,1,1372,0,1,expired_method,0,1
T100353,C1673,10536.29,5,0,530,0,1,expired_method,1,1
T100354,C1628,3654.71,3,1,1156,0,1,temporary_failure,0,1
T100355,C1587,574.08,3,1,113,0,1,technical_error,0,1
T100356,C1625,2211.64,6,1,1116,1,1,temporary_failure,0,1
T100357,C1420,672.83,7,2,1142,0,1,checkout_abandoned,0,1
T100358,C1422,4374.42,7,2,1153,1,0,insufficient_funds,1,1
T100359,C1104,586.48,4,1,1485,1,1,insufficient_funds,0,1
T100360,C1852,565.74,4,2,911,0,1,temporary_failure,0,1
T100361,C1254,400.47,1,1,1261,1,0,expired_method,0,1
T100362,C1227,928.63,4,0,1300,0,0,checkout_abandoned,0,1
T100363,C1112,798.63,3,1,926,1,1,insufficient_funds,0,1
T100364,C1510,519.97,2,0,505,0,1,insufficient_funds,0,1
T100365,C1473,5957.21,6,2,226,0,0,insufficient_funds,0,1
T100366,C1099,1993.03,2,3,295,0,1,insufficient_funds,0,1
T100367,C1153,1824.71,6,3,994,0,1,checkout_abandoned,0,1
T100368,C1861,4411.07,6,0,1404,1,1,checkout_abandoned,0,1
T100369,C1896,1623.26,6,0,670,0,1,expired_method,1,1
T100370,C1878,763.94,6,1,679,1,0,checkout_abandoned,0,1
T100371,C1338,374.22,6,1,1207,1,0,insufficient_funds,0,1
T100372,C1706,732.31,5,1,283,0,1,authentication_failure,0,1
T100373,C1822,4142.53,7,1,694,1,0,technical_error,0,1
T100374,C1163,522.43,7,2,68,0,1,insufficient_funds,0,1
T100375,C1720,1745.59,9,0,428,1,1,checkout_abandoned,0,1
T100376,C1681,2908.65,5,0,1439,1,1,authentication_failure,0,1
T100377,C1161,1659.06,4,1,1403,1,1,insufficient_funds,0,1
T100378,C1580,1806.66,7,0,929,0,1,checkout_abandoned,0,1
T100379,C1801,2190.1,5,0,1248,1,0,temporary_failure,0,1
T100380,C1398,1780.16,5,2,1340,0,1,authentication_failure,0,1
T100381,C1277,4477.44,4,0,74,0,0,temporary_failure,0,1
T100382,C1816,613.87,9,1,1432,0,1,temporary_failure,0,1
T100383,C1504,1604.1,5,2,421,0,1,authentication_failure,0,1
T100384,C1896,342.52,6,2,1285,0,0,expired_method,0,1
T100385,C1392,282.79,0,0,307,1,1,expired_method,0,1
T100386,C1135,1259.85,6,1,1181,1,1,technical_error,0,1
T100387,C1195,2013.31,8,1,1261,1,1,expired_method,0,1
T100388,C1401,4550.54,4,2,820,1,1,insufficient_funds,0,1
T100389,C1640,8224.26,6,0,729,1,1,insufficient_funds,0,1
T100390,C1033,3604.35,3,3,1230,0,1,temporary_failure,1,1
T100391,C1688,2310.86,3,2,252,1,1,authentication_failure,0,1
T100392,C1460,1510.16,7,0,712,1,1,insufficient_funds,0,1
T100393,C1883,424.78,4,1,180,0,1,expired_method,0,1
T100394,C1470,1200.47,2,1,763,1,0,temporary_failure,1,0
T100395,C1375,3525.52,1,1,1496,0,1,expired_method,0,1
T100396,C1022,2627.3,7,1,267,0,0,technical_error,0,1
T100397,C1750,510.43,2,1,481,1,0,temporary_failure,0,1
T100398,C1670,2122.86,5,1,160,0,1,temporary_failure,0,1
T100399,C1038,1990.81,6,1,917,0,1,temporary_failure,0,1
T100400,C1230,1741.35,7,0,1463,1,1,technical_error,1,1
T100401,C1365,1311.74,5,3,1415,1,0,authentication_failure,0,1
T100402,C1563,2206.56,5,1,1450,0,1,technical_error,0,1
T100403,C1438,2259.69,8,0,1333,0,1,technical_error,1,1
T100404,C1776,827.91,5,5,246,1,1,technical_error,0,1
T100405,C1283,1884.2,6,3,1186,0,0,insufficient_funds,0,1
T100406,C1027,1162.06,3,1,1324,0,1,insufficient_funds,0,1
T100407,C1226,439.03,9,0,428,0,1,checkout_abandoned,0,1
T100408,C1277,879.01,5,2,586,1,0,expired_method,0,1
T100409,C1798,414.57,5,0,1460,1,0,temporary_failure,0,1
T100410,C1609,2793.55,7,0,1485,0,1,expired_method,0,1
T100411,C1284,1749.21,4,0,771,1,0,checkout_abandoned,0,1
T100412,C1879,1025.96,6,0,1223,1,0,temporary_failure,1,0
T100413,C1481,3886.99,4,0,168,1,0,checkout_abandoned,1,1
T100414,C1453,1409.5,5,0,41,1,0,checkout_abandoned,1,0
T100415,C1829,457.87,6,2,331,1,0,temporary_failure,0,1
T100416,C1816,963.33,2,1,69,0,1,temporary_failure,0,1
T100417,C1659,4558.01,9,2,1031,0,1,temporary_failure,0,1
T100418,C1516,810.7,2,2,1212,1,1,expired_method,0,1
T100419,C1547,1646.51,5,0,214,1,1,insufficient_funds,0,1
T100420,C1192,2340.0,5,1,1434,1,0,insufficient_funds,1,1
T100421,C1049,2084.87,2,4,124,0,1,technical_error,0,1
T100422,C1512,8409.31,5,0,775,1,0,temporary_failure,1,1
T100423,C1017,554.34,10,3,1101,1,0,authentication_failure,1,0
T100424,C1172,597.44,2,2,1256,1,1,insufficient_funds,0,1
T100425,C1220,561.26,4,0,431,0,1,checkout_abandoned,0,1
T100426,C1158,1072.84,6,1,1420,1,1,expired_method,0,1
T100427,C1477,3054.99,7,0,1012,0,1,insufficient_funds,0,1
T100428,C1046,617.82,7,2,1343,1,1,temporary_failure,0,1
T100429,C1373,3087.2,3,0,853,1,1,temporary_failure,0,1
T100430,C1518,1375.19,6,1,693,0,1,expired_method,0,1
T100431,C1099,583.04,9,2,219,1,1,insufficient_funds,1,1
T100432,C1892,360.13,6,0,679,1,1,temporary_failure,1,1
T100433,C1745,425.95,8,0,887,0,1,checkout_abandoned,1,1
T100434,C1037,812.9,7,1,609,1,1,technical_error,0,1
T100435,C1280,1179.84,4,1,378,0,1,authentication_failure,0,1
T100436,C1349,3675.88,3,0,812,1,1,temporary_failure,0,1
T100437,C1497,2438.93,10,0,1361,0,1,checkout_abandoned,0,1
T100438,C1302,713.94,4,1,1121,0,0,temporary_failure,0,1
T100439,C1181,1819.83,3,3,116,1,0,checkout_abandoned,0,1
T100440,C1607,4622.36,10,2,246,0,1,insufficient_funds,0,1
T100441,C1099,5461.28,12,1,1345,0,1,temporary_failure,0,1
T100442,C1700,1058.06,2,0,213,1,1,expired_method,0,1
T100443,C1116,2748.24,3,3,590,1,0,insufficient_funds,0,1
T100444,C1191,3798.9,2,2,601,1,1,checkout_abandoned,0,1
T100445,C1253,432.55,8,1,873,1,1,temporary_failure,0,1
T100446,C1161,912.05,3,0,1002,1,1,expired_method,0,1
T100447,C1256,7079.89,7,3,882,0,0,temporary_failure,0,1
T100448,C1323,1068.73,5,2,983,0,1,authentication_failure,0,1
T100449,C1128,148.9,6,1,836,0,0,insufficient_funds,0,1
T100450,C1018,1223.26,2,2,546,0,1,technical_error,0,1
T100451,C1793,3113.4,4,2,977,0,1,checkout_abandoned,0,1
T100452,C1735,1345.99,9,3,36,1,1,checkout_abandoned,0,1
T100453,C1566,2290.49,7,2,1388,0,0,temporary_failure,0,1
T100454,C1570,2707.19,4,0,543,1,1,expired_method,0,1
T100455,C1323,1026.38,3,0,976,1,1,insufficient_funds,0,1
T100456,C1872,907.28,1,0,749,0,0,temporary_failure,0,1
T100457,C1686,1502.79,5,1,1237,0,1,technical_error,0,1
T100458,C1792,1530.48,2,4,320,1,1,checkout_abandoned,1,0
T100459,C1626,1394.87,7,1,274,1,1,temporary_failure,0,1
T100460,C1288,1438.52,6,0,1087,1,1,checkout_abandoned,0,1
T100461,C1854,764.02,4,2,891,0,1,temporary_failure,0,1
T100462,C1663,2351.28,6,0,383,1,0,temporary_failure,0,1
T100463,C1639,2099.44,4,1,620,1,0,temporary_failure,0,1
T100464,C1155,491.76,4,0,1456,0,0,insufficient_funds,0,1
T100465,C1490,1000.37,5,4,229,0,1,checkout_abandoned,0,1
T100466,C1386,1436.28,4,4,529,1,1,temporary_failure,0,1
T100467,C1785,897.19,6,0,372,0,0,checkout_abandoned,0,1
T100468,C1104,2160.36,9,3,932,1,0,temporary_failure,1,1
T100469,C1393,1273.9,4,0,1486,1,1,technical_error,1,0
T100470,C1811,1520.52,3,0,633,0,1,technical_error,1,0
T100471,C1246,991.75,6,0,1286,1,0,checkout_abandoned,0,1
T100472,C1176,300.39,5,0,222,0,1,authentication_failure,1,0
T100473,C1039,287.79,6,0,883,0,0,expired_method,0,1
T100474,C1477,2084.34,2,3,1177,1,1,temporary_failure,0,1
T100475,C1682,1636.29,3,2,20,1,1,insufficient_funds,0,1
T100476,C1759,1861.24,1,0,540,0,1,insufficient_funds,0,1
T100477,C1538,1481.57,5,2,457,0,0,authentication_failure,0,1
T100478,C1867,1573.29,7,0,61,0,1,temporary_failure,0,1
T100479,C1818,2770.46,3,1,1238,0,0,insufficient_funds,0,1
T100480,C1408,1869.57,3,5,664,1,1,authentication_failure,0,1
T100481,C1525,2923.92,8,0,1389,1,1,expired_method,0,1
T100482,C1828,1523.24,3,1,348,1,1,checkout_abandoned,0,1
T100483,C1506,1069.25,1,1,856,0,1,insufficient_funds,0,1
T100484,C1825,1549.45,5,1,905,0,1,temporary_failure,0,1
T100485,C1036,715.42,12,3,1366,0,1,temporary_failure,0,1
T100486,C1685,1007.39,4,1,208,0,1,expired_method,0,1
T100487,C1020,1530.24,6,0,1472,1,0,temporary_failure,1,1
T100488,C1321,1515.1,3,0,159,0,0,insufficient_funds,0,1
T100489,C1776,1236.68,6,1,59,0,1,technical_error,0,1
T100490,C1512,472.89,8,0,1373,0,1,technical_error,0,1
T100491,C1400,2158.8,7,1,645,0,0,expired_method,0,1
T100492,C1654,2504.07,5,3,868,0,1,technical_error,0,1
T100493,C1883,4595.2,3,1,1179,0,1,technical_error,1,1
T100494,C1471,1865.59,5,0,787,0,1,expired_method,0,1
T100495,C1143,1340.9,11,6,59,0,0,technical_error,1,1
T100496,C1092,626.55,3,0,570,0,1,technical_error,0,1
T100497,C1354,4101.11,16,0,946,0,1,checkout_abandoned,0,1
T100498,C1834,1613.04,5,1,408,1,1,expired_method,0,1
T100499,C1800,1548.48,0,0,385,0,0,authentication_failure,0,1
T100500,C1727,1107.05,5,1,32,1,0,expired_method,0,1
T100501,C1854,1055.24,5,2,1109,0,1,technical_error,1,0
T100502,C1051,2244.41,3,1,634,0,0,temporary_failure,1,1
T100503,C1665,622.61,1,0,292,0,1,technical_error,0,1
T100504,C1698,4532.7,4,1,1039,0,1,temporary_failure,0,1
T100505,C1575,3849.29,5,1,289,0,1,temporary_failure,0,1
T100506,C1190,1027.06,2,1,607,0,1,technical_error,0,1
T100507,C1125,700.72,4,0,402,0,0,technical_error,0,1
T100508,C1150,295.48,7,0,1479,1,1,expired_method,0,1
T100509,C1314,523.97,4,0,1103,0,1,technical_error,0,1
T100510,C1570,2315.62,6,2,1367,0,1,technical_error,0,1
T100511,C1342,1696.81,6,1,493,1,0,technical_error,0,1
T100512,C1305,1939.61,7,1,819,0,1,authentication_failure,0,1
T100513,C1692,335.56,8,4,837,0,0,technical_error,1,1
T100514,C1682,995.39,4,2,185,0,1,checkout_abandoned,0,1
T100515,C1838,3734.82,6,1,240,0,1,technical_error,0,1
T100516,C1783,1246.36,5,1,96,0,0,expired_method,0,1
T100517,C1054,515.83,6,1,398,1,0,insufficient_funds,0,1
T100518,C1444,1231.88,4,1,728,1,1,technical_error,0,1
T100519,C1613,751.25,2,1,746,0,1,insufficient_funds,0,1
T100520,C1264,1720.31,2,2,191,0,0,checkout_abandoned,1,1
T100521,C1053,1360.23,10,1,431,0,1,technical_error,0,1
T100522,C1572,2013.18,2,3,668,0,1,checkout_abandoned,1,0
T100523,C1620,537.3,4,1,462,1,1,expired_method,0,1
T100524,C1005,956.67,8,2,210,0,1,temporary_failure,0,1
T100525,C1103,3034.57,3,1,592,0,1,expired_method,0,1
T100526,C1196,485.07,12,2,33,0,1,authentication_failure,0,1
T100527,C1774,631.23,2,0,882,1,1,temporary_failure,0,1
T100528,C1877,1555.38,3,0,511,0,1,temporary_failure,0,1
T100529,C1884,1660.79,7,3,345,1,1,expired_method,0,1
T100530,C1350,928.31,3,2,1182,1,0,technical_error,0,1
T100531,C1047,1087.0,6,1,1016,0,0,temporary_failure,0,1
T100532,C1867,1998.03,4,2,150,0,0,temporary_failure,0,1
T100533,C1823,2533.17,4,1,763,0,1,insufficient_funds,0,1
T100534,C1820,600.69,0,2,1280,0,1,temporary_failure,0,1
T100535,C1656,1760.3,9,1,1104,1,1,expired_method,1,1
T100536,C1269,4163.09,5,1,401,1,1,temporary_failure,0,1
T100537,C1370,1227.92,1,1,257,0,1,authentication_failure,0,1
T100538,C1636,595.93,5,4,1138,0,1,temporary_failure,0,1
T100539,C1106,575.61,3,1,943,1,0,technical_error,0,1
T100540,C1670,1187.31,3,1,1085,1,1,temporary_failure,0,1
T100541,C1659,2912.84,7,3,267,1,1,technical_error,0,1
T100542,C1657,1299.11,9,0,415,0,1,checkout_abandoned,0,1
T100543,C1120,1543.68,5,2,895,0,1,checkout_abandoned,1,1
T100544,C1831,634.44,5,3,1037,0,1,temporary_failure,0,1
T100545,C1787,2799.9,4,2,376,0,1,authentication_failure,0,1
T100546,C1604,567.23,2,2,16,1,0,checkout_abandoned,0,1
T100547,C1058,917.48,6,1,10,0,0,insufficient_funds,1,0
T100548,C1346,2148.31,8,1,348,1,1,insufficient_funds,0,1
T100549,C1741,290.16,6,1,359,1,1,temporary_failure,1,1
T100550,C1474,1526.1,4,0,635,0,1,insufficient_funds,0,1
T100551,C1117,614.43,7,1,64,1,1,temporary_failure,0,1
T100552,C1830,1356.16,7,2,638,0,1,technical_error,0,1
T100553,C1791,1028.6,5,1,805,0,1,authentication_failure,0,1
T100554,C1127,6498.82,6,3,1303,1,1,temporary_failure,1,1
T100555,C1393,997.41,5,4,908,1,1,insufficient_funds,0,1
T100556,C1641,5334.7,5,0,281,1,0,authentication_failure,1,1
T100557,C1058,2080.19,8,0,866,1,1,temporary_failure,0,1
T100558,C1634,734.29,7,1,1463,1,1,authentication_failure,0,1
T100559,C1513,1716.61,4,0,888,0,1,temporary_failure,0,1
T100560,C1751,1066.03,3,0,386,1,0,insufficient_funds,0,1
T100561,C1802,1606.19,6,1,396,0,0,authentication_failure,1,1
T100562,C1096,784.14,4,1,396,0,1,expired_method,0,1
T100563,C1638,4758.24,8,1,1202,1,0,expired_method,0,1
T100564,C1118,2681.28,4,2,1190,1,0,checkout_abandoned,0,1
T100565,C1560,1371.74,4,2,433,0,0,expired_method,0,1
T100566,C1601,4899.24,12,2,796,0,1,authentication_failure,0,1
T100567,C1488,1416.17,3,1,669,1,1,checkout_abandoned,0,1
T100568,C1237,3050.98,4,2,286,0,0,temporary_failure,0,1
T100569,C1885,1378.46,4,1,1181,1,1,temporary_failure,0,1
T100570,C1897,1799.77,4,1,869,1,1,checkout_abandoned,0,1
T100571,C1272,1260.07,3,2,1124,1,1,insufficient_funds,0,1
T100572,C1189,1438.67,3,0,565,0,1,checkout_abandoned,0,1
T100573,C1704,1522.18,6,4,1147,0,1,temporary_failure,0,1
T100574,C1447,810.54,6,2,1035,0,1,checkout_abandoned,0,1
T100575,C1581,991.48,5,0,180,1,0,temporary_failure,0,1
T100576,C1790,1138.46,6,1,1474,0,1,technical_error,0,1
T100577,C1861,1591.26,4,2,1258,1,1,checkout_abandoned,1,1
T100578,C1247,1309.06,6,1,156,1,0,insufficient_funds,0,1
T100579,C1076,3228.5,5,3,1481,0,1,authentication_failure,0,1
T100580,C1154,2528.39,4,0,1463,1,1,expired_method,0,1
T100581,C1656,1156.04,3,1,1356,0,1,temporary_failure,0,1
T100582,C1435,3775.69,3,1,1124,0,1,insufficient_funds,0,1
T100583,C1086,5457.61,5,2,23,0,0,authentication_failure,1,0
T100584,C1697,289.2,2,0,1181,0,0,technical_error,0,1
T100585,C1285,2695.17,3,1,418,1,1,checkout_abandoned,0,1
T100586,C1220,796.53,3,1,393,1,1,insufficient_funds,0,1
T100587,C1069,2441.97,3,4,1421,0,1,checkout_abandoned,0,1
T100588,C1047,3390.32,8,2,66,1,1,temporary_failure,0,1
T100589,C1094,693.85,3,1,523,1,1,insufficient_funds,0,1
T100590,C1750,333.87,4,1,354,0,0,insufficient_funds,0,1
T100591,C1453,2506.33,9,1,1120,1,1,technical_error,0,1
T100592,C1204,1482.6,5,3,414,0,1,expired_method,1,1
T100593,C1218,383.24,5,0,254,1,1,temporary_failure,0,1
T100594,C1474,8930.02,4,1,868,1,1,temporary_failure,1,1
T100595,C1432,2139.47,4,0,61,0,1,authentication_failure,0,1
T100596,C1341,2214.04,1,0,218,0,1,expired_method,0,1
T100597,C1551,3730.75,2,0,152,1,1,technical_error,0,1
T100598,C1612,866.43,7,1,555,1,1,insufficient_funds,0,1
T100599,C1289,1477.11,4,3,813,0,1,expired_method,1,1
T100600,C1254,497.95,5,1,642,0,1,checkout_abandoned,0,1
T100601,C1734,848.98,6,2,1137,0,0,insufficient_funds,1,1
T100602,C1357,1788.7,6,1,1077,0,1,checkout_abandoned,0,1
T100603,C1023,384.15,6,0,342,0,1,checkout_abandoned,0,1
T100604,C1762,831.13,5,1,256,0,1,checkout_abandoned,0,1
T100605,C1522,667.84,7,4,539,0,1,technical_error,0,1
T100606,C1758,1490.06,7,0,474,0,1,checkout_abandoned,0,1
T100607,C1837,2061.16,5,0,310,1,1,authentication_failure,0,1
T100608,C1100,2336.98,3,0,629,0,0,technical_error,1,1
T100609,C1802,2833.06,10,0,997,1,1,temporary_failure,0,1
T100610,C1180,3748.41,3,1,547,0,1,technical_error,0,1
T100611,C1223,2112.09,8,1,377,1,1,temporary_failure,0,1
T100612,C1762,5516.52,4,0,1239,0,0,temporary_failure,1,1
T100613,C1659,1465.02,3,4,366,0,1,checkout_abandoned,1,1
T100614,C1442,1176.16,7,1,340,1,1,insufficient_funds,0,1
T100615,C1608,2112.19,5,1,1313,1,1,insufficient_funds,0,1
T100616,C1769,1138.76,7,3,894,1,1,expired_method,0,1
T100617,C1325,5374.51,10,0,451,0,1,expired_method,0,1
T100618,C1516,3128.28,2,1,510,0,1,temporary_failure,1,1
T100619,C1016,2351.26,6,1,753,0,1,temporary_failure,1,1
T100620,C1792,1478.18,3,3,882,0,1,insufficient_funds,0,1
T100621,C1336,986.73,6,1,1467,0,0,checkout_abandoned,0,1
T100622,C1759,2266.5,5,1,209,0,1,checkout_abandoned,0,1
T100623,C1258,575.18,3,3,560,0,1,expired_method,1,1
T100624,C1497,4233.45,6,3,209,1,0,technical_error,1,1
T100625,C1896,1172.36,4,0,1400,1,1,expired_method,0,1
T100626,C1160,1683.84,6,1,348,0,1,temporary_failure,0,1
T100627,C1475,677.09,3,0,1453,1,1,technical_error,0,1
T100628,C1852,2303.63,3,2,688,1,0,insufficient_funds,0,1
T100629,C1664,953.08,5,1,745,0,1,technical_error,0,1
T100630,C1690,2179.65,7,1,286,0,0,expired_method,0,1
T100631,C1675,2363.85,4,1,63,0,1,checkout_abandoned,1,1
T100632,C1380,824.09,9,0,173,1,0,temporary_failure,0,1
T100633,C1545,576.72,3,4,664,0,1,technical_error,1,1
T100634,C1691,4225.64,8,2,1419,0,0,temporary_failure,1,1
T100635,C1427,1159.54,4,1,85,0,1,temporary_failure,0,1
T100636,C1613,1585.47,5,1,751,1,1,temporary_failure,0,1
T100637,C1268,1927.73,8,1,1015,0,1,insufficient_funds,1,1
T100638,C1835,523.08,5,1,431,0,1,expired_method,0,1
T100639,C1577,1895.05,5,2,586,0,1,technical_error,1,1
T100640,C1417,1442.81,4,1,1263,0,1,technical_error,0,1
T100641,C1168,826.63,5,4,1339,0,1,checkout_abandoned,0,1
T100642,C1842,562.62,6,1,995,0,1,checkout_abandoned,0,1
T100643,C1043,2109.94,5,3,1150,0,1,technical_error,0,1
T100644,C1556,3120.61,6,0,1273,0,1,technical_error,0,1
T100645,C1285,1531.41,7,1,515,0,0,technical_error,0,1
T100646,C1397,456.76,4,2,778,0,1,technical_error,0,1
T100647,C1012,606.07,6,1,1090,0,1,expired_method,0,1
T100648,C1607,968.65,3,2,668,0,1,temporary_failure,0,1
T100649,C1302,4330.61,4,1,1062,0,0,authentication_failure,0,1
T100650,C1898,1113.14,7,2,443,0,1,temporary_failure,0,1
T100651,C1253,942.54,6,2,227,0,1,temporary_failure,0,1
T100652,C1499,381.8,2,1,555,1,0,checkout_abandoned,1,1
T100653,C1754,818.51,7,2,858,1,1,authentication_failure,0,1
T100654,C1035,531.28,8,2,475,0,1,authentication_failure,0,1
T100655,C1727,631.2,3,2,575,0,1,technical_error,0,1
T100656,C1849,1465.52,7,1,513,1,1,authentication_failure,1,0
T100657,C1090,991.41,6,1,397,0,1,insufficient_funds,1,1
T100658,C1776,4791.61,9,0,1384,1,1,expired_method,0,1
T100659,C1605,3006.41,5,0,1358,1,0,expired_method,0,1
T100660,C1602,848.39,6,0,550,1,1,expired_method,0,1
T100661,C1418,673.43,4,0,1429,0,1,temporary_failure,1,1
T100662,C1115,3778.12,4,3,88,0,1,expired_method,0,1
T100663,C1617,4651.9,6,0,492,0,1,checkout_abandoned,0,1
T100664,C1196,258.35,4,0,318,0,1,checkout_abandoned,0,1
T100665,C1826,1436.04,5,3,428,0,0,authentication_failure,1,0
T100666,C1501,1108.86,2,2,244,0,1,technical_error,0,1
T100667,C1626,2179.48,4,0,1469,0,1,expired_method,0,1
T100668,C1493,5750.26,5,0,446,1,0,insufficient_funds,0,1
T100669,C1075,931.65,6,1,155,0,1,temporary_failure,1,1
T100670,C1413,285.57,5,1,175,1,1,technical_error,0,1
T100671,C1376,2067.83,8,0,607,1,1,insufficient_funds,1,1
T100672,C1420,3798.92,2,0,1199,0,1,temporary_failure,0,1
T100673,C1729,1066.55,3,0,1428,0,1,expired_method,0,1
T100674,C1277,789.36,6,1,1286,1,1,checkout_abandoned,0,1
T100675,C1761,964.93,6,0,1442,0,1,temporary_failure,0,1
T100676,C1676,2534.25,6,1,455,1,0,technical_error,1,1
T100677,C1394,952.56,3,0,663,1,1,expired_method,0,1
T100678,C1869,1713.97,7,0,56,0,0,expired_method,1,1
T100679,C1457,1367.65,7,0,1128,1,1,expired_method,1,1
T100680,C1192,1265.81,3,1,960,0,0,insufficient_funds,0,1
T100681,C1739,2266.45,4,2,661,1,1,insufficient_funds,1,1
T100682,C1689,935.48,2,1,1296,0,1,authentication_failure,0,1
T100683,C1099,969.77,7,4,1466,0,1,insufficient_funds,1,1
T100684,C1548,2436.22,7,0,663,0,0,insufficient_funds,0,1
T100685,C1096,638.94,7,0,952,1,1,expired_method,0,1
T100686,C1664,692.17,5,2,663,1,1,expired_method,0,1
T100687,C1663,520.49,6,1,992,1,1,insufficient_funds,1,0
T100688,C1190,2531.98,5,0,252,0,1,authentication_failure,0,1
T100689,C1736,1237.78,3,3,864,0,1,temporary_failure,0,1
T100690,C1037,500.09,3,1,913,0,1,checkout_abandoned,1,1
T100691,C1780,2541.11,8,0,1366,1,1,authentication_failure,1,1
T100692,C1369,883.02,6,0,621,1,0,expired_method,0,1
T100693,C1695,696.62,10,1,1141,0,1,insufficient_funds,1,1
T100694,C1525,1156.6,7,0,330,1,1,technical_error,0,1
T100695,C1279,4060.42,10,2,814,0,1,temporary_failure,0,1
T100696,C1217,996.03,5,0,483,1,1,checkout_abandoned,0,1
T100697,C1867,2062.15,6,3,717,0,1,insufficient_funds,0,1
T100698,C1873,2310.71,5,0,281,0,1,authentication_failure,0,1
T100699,C1798,1867.68,4,4,476,1,1,authentication_failure,0,1
T100700,C1273,3474.84,5,0,1437,1,1,insufficient_funds,0,1
T100701,C1881,788.13,6,1,764,0,0,temporary_failure,0,1
T100702,C1062,612.47,3,3,233,0,0,technical_error,1,1
T100703,C1596,603.52,5,1,1145,1,1,checkout_abandoned,0,1
T100704,C1880,1201.89,3,0,1488,1,0,insufficient_funds,0,1
T100705,C1729,658.34,2,1,297,1,1,insufficient_funds,0,1
T100706,C1342,1496.16,6,2,1486,0,1,insufficient_funds,0,1
T100707,C1397,1419.05,5,2,350,1,0,checkout_abandoned,1,0
T100708,C1699,2875.35,5,1,167,1,0,temporary_failure,1,1
T100709,C1019,1666.3,7,3,669,0,1,technical_error,0,1
T100710,C1177,980.33,7,2,195,0,1,temporary_failure,0,1
T100711,C1612,1822.81,8,5,38,0,0,authentication_failure,0,1
T100712,C1396,618.54,3,1,1441,0,1,expired_method,0,1
T100713,C1445,1301.66,9,0,906,0,1,authentication_failure,0,1
T100714,C1233,1701.99,5,1,756,0,0,temporary_failure,0,1
T100715,C1076,1475.85,6,1,1060,1,1,insufficient_funds,0,1
T100716,C1265,1828.59,2,1,994,0,1,technical_error,1,1
T100717,C1455,826.31,8,3,542,1,1,insufficient_funds,1,1
T100718,C1796,3178.05,4,1,922,0,1,temporary_failure,1,0
T100719,C1718,5253.38,3,0,1125,0,1,temporary_failure,0,1
T100720,C1735,402.62,7,2,937,1,1,authentication_failure,1,0
T100721,C1384,538.24,8,1,181,0,1,temporary_failure,0,1
T100722,C1564,1383.42,10,1,123,0,0,temporary_failure,0,1
T100723,C1851,1104.98,4,1,1131,1,1,insufficient_funds,1,0
T100724,C1506,5554.2,4,1,1288,1,0,temporary_failure,0,1
T100725,C1367,1579.46,3,2,1055,0,1,temporary_failure,0,1
T100726,C1144,3806.29,6,0,563,1,1,insufficient_funds,0,1
T100727,C1885,288.06,10,2,1154,0,0,expired_method,0,1
T100728,C1069,2466.68,7,0,220,0,1,temporary_failure,1,1
T100729,C1099,783.18,3,0,825,1,1,insufficient_funds,1,1
T100730,C1396,773.82,8,3,395,0,1,expired_method,0,1
T100731,C1025,1111.8,4,2,910,1,1,temporary_failure,0,1
T100732,C1891,460.15,6,2,1317,0,1,authentication_failure,0,1
T100733,C1469,1867.0,7,0,1086,0,0,authentication_failure,0,1
T100734,C1484,1545.4,1,0,650,0,1,temporary_failure,0,1
T100735,C1565,1635.4,4,2,1494,1,1,authentication_failure,0,1
T100736,C1151,2605.22,9,0,960,0,0,technical_error,1,1
T100737,C1144,4171.73,5,1,1341,0,0,technical_error,0,1
T100738,C1569,1019.65,2,0,1366,1,1,insufficient_funds,1,0
T100739,C1039,1916.03,8,0,222,1,1,temporary_failure,0,1
T100740,C1109,1668.6,4,0,199,0,0,insufficient_funds,0,1
T100741,C1693,1777.94,9,1,1023,0,1,temporary_failure,0,1
T100742,C1042,1798.03,4,0,193,0,1,insufficient_funds,0,1
T100743,C1186,4415.51,4,2,1247,1,1,technical_error,0,1
T100744,C1398,948.84,5,0,102,1,1,insufficient_funds,0,1
T100745,C1223,426.54,5,0,1441,1,1,insufficient_funds,0,1
T100746,C1634,793.61,3,3,725,1,0,temporary_failure,0,1
T100747,C1133,2363.62,8,2,1309,0,1,temporary_failure,1,1
T100748,C1163,1363.07,5,2,1011,0,1,technical_error,0,1
T100749,C1215,943.22,4,2,1067,0,1,expired_method,0,1
T100750,C1733,597.42,5,2,828,1,1,expired_method,1,1
T100751,C1235,1581.24,4,1,254,1,1,insufficient_funds,0,1
T100752,C1843,2171.95,6,0,1342,1,1,checkout_abandoned,0,1
T100753,C1658,1684.8,3,2,714,1,0,expired_method,1,1
T100754,C1751,1107.66,5,4,1450,0,0,insufficient_funds,1,0
T100755,C1588,1495.15,8,1,1413,0,1,expired_method,0,1
T100756,C1009,1488.66,7,2,59,1,1,insufficient_funds,0,1
T100757,C1074,1544.22,4,0,248,0,1,temporary_failure,0,1
T100758,C1492,551.02,7,0,1268,0,0,insufficient_funds,0,1
T100759,C1253,1553.08,5,2,328,0,0,temporary_failure,1,0
T100760,C1230,962.52,4,2,571,1,1,checkout_abandoned,0,1
T100761,C1519,2923.29,3,1,1126,1,1,authentication_failure,0,1
T100762,C1174,1479.84,6,1,769,0,1,technical_error,0,1
T100763,C1653,2506.42,2,2,339,1,1,authentication_failure,0,1
T100764,C1168,1068.13,5,1,1453,1,1,temporary_failure,0,1
T100765,C1170,1097.42,5,2,1495,1,1,insufficient_funds,0,1
T100766,C1393,4107.99,4,1,1375,1,1,authentication_failure,0,1
T100767,C1795,1857.99,8,1,251,0,1,expired_method,0,1
T100768,C1634,783.77,2,0,618,0,0,insufficient_funds,0,1
T100769,C1194,2624.72,6,2,621,0,1,temporary_failure,0,1
T100770,C1517,897.87,4,2,1032,1,1,checkout_abandoned,0,1
T100771,C1029,1586.48,6,0,955,0,1,technical_error,0,1
T100772,C1165,5310.84,2,1,1458,1,1,expired_method,0,1
T100773,C1422,457.85,5,1,875,0,1,checkout_abandoned,0,1
T100774,C1339,1173.99,3,1,1260,0,0,temporary_failure,0,1
T100775,C1648,1819.29,7,1,164,1,1,expired_method,1,1
T100776,C1496,2376.83,3,1,551,1,1,insufficient_funds,0,1
T100777,C1365,527.99,4,0,169,0,1,expired_method,0,1
T100778,C1833,423.33,4,2,1244,0,0,authentication_failure,1,0
T100779,C1342,3035.29,6,2,799,0,1,insufficient_funds,0,1
T100780,C1500,780.31,6,0,498,1,0,temporary_failure,0,1
T100781,C1657,756.19,8,1,1289,1,1,temporary_failure,0,1
T100782,C1511,4284.19,5,0,65,0,0,temporary_failure,0,1
T100783,C1327,1411.31,2,2,861,0,1,technical_error,0,1
T100784,C1217,1418.25,9,1,1192,0,1,authentication_failure,0,1
T100785,C1301,1170.46,4,0,878,0,1,technical_error,0,1
T100786,C1132,534.86,7,1,975,0,1,insufficient_funds,0,1
T100787,C1804,2223.36,3,3,1128,1,1,temporary_failure,0,1
T100788,C1070,1820.9,8,0,1272,1,1,authentication_failure,0,1
T100789,C1252,1520.08,2,2,692,0,1,insufficient_funds,0,1
T100790,C1415,1227.53,2,1,225,0,0,insufficient_funds,0,1
T100791,C1787,1075.74,5,0,1471,0,0,expired_method,0,1
T100792,C1445,2655.43,2,2,155,0,1,authentication_failure,0,1
T100793,C1876,1204.75,9,1,133,1,1,authentication_failure,0,1
T100794,C1182,1276.6,7,0,828,0,1,temporary_failure,0,1
T100795,C1167,1993.05,5,1,341,0,1,checkout_abandoned,0,1
T100796,C1091,1565.52,3,1,1301,0,1,authentication_failure,0,1
T100797,C1714,4590.33,4,1,614,0,1,insufficient_funds,0,1
T100798,C1858,357.44,6,3,198,0,0,checkout_abandoned,0,1
T100799,C1531,1677.28,5,3,153,1,1,temporary_failure,0,1
T100800,C1039,789.02,2,0,1161,1,0,technical_error,0,1
T100801,C1126,660.79,5,0,839,0,1,expired_method,0,1
T100802,C1451,950.7,6,0,734,1,1,expired_method,0,1
T100803,C1173,1395.5,5,0,1395,1,1,checkout_abandoned,0,1
T100804,C1653,1442.74,6,2,858,1,1,expired_method,0,1
T100805,C1754,429.24,6,1,841,1,0,checkout_abandoned,0,1
T100806,C1220,892.64,2,1,616,1,0,expired_method,0,1
T100807,C1638,1653.94,4,0,81,0,1,insufficient_funds,0,1
T100808,C1058,693.88,6,0,631,0,1,expired_method,0,1
T100809,C1660,580.51,2,1,955,1,1,checkout_abandoned,0,1
T100810,C1476,246.63,4,2,1315,1,1,temporary_failure,0,1
T100811,C1456,814.52,3,2,1457,0,1,technical_error,0,1
T100812,C1829,565.54,3,0,448,1,0,expired_method,0,1
T100813,C1895,640.37,3,2,168,0,1,insufficient_funds,0,1
T100814,C1361,1092.4,4,1,1284,1,1,temporary_failure,1,1
T100815,C1001,854.17,6,1,1360,1,0,technical_error,0,1
T100816,C1387,558.54,3,0,634,0,1,checkout_abandoned,0,1
T100817,C1348,274.0,7,4,923,1,1,insufficient_funds,0,1
T100818,C1190,1680.31,3,1,347,0,0,technical_error,0,1
T100819,C1505,2355.76,3,0,764,0,1,technical_error,0,1
T100820,C1191,994.7,11,3,1117,1,1,insufficient_funds,1,1
T100821,C1508,1097.37,2,2,1146,0,1,expired_method,1,1
T100822,C1369,1342.26,8,2,992,0,0,insufficient_funds,0,1
T100823,C1409,4376.86,10,0,685,1,1,expired_method,0,1
T100824,C1824,413.32,4,1,378,1,1,insufficient_funds,1,0
T100825,C1117,981.55,5,1,636,0,1,technical_error,1,1
T100826,C1134,368.16,5,2,1137,1,1,expired_method,0,1
T100827,C1058,1757.66,4,1,1213,0,0,checkout_abandoned,1,0
T100828,C1556,1202.35,8,0,1322,1,1,technical_error,0,1
T100829,C1685,1559.69,11,3,1481,0,1,checkout_abandoned,0,1
T100830,C1672,1502.43,7,0,1265,1,1,insufficient_funds,1,0
T100831,C1173,2815.88,5,0,1358,1,0,insufficient_funds,0,1
T100832,C1829,2005.4,7,0,1385,0,1,checkout_abandoned,0,1
T100833,C1815,2497.09,4,2,978,0,1,temporary_failure,0,1
T100834,C1149,602.36,5,3,679,0,1,checkout_abandoned,1,1
T100835,C1080,3277.64,3,2,1264,1,0,insufficient_funds,0,1
T100836,C1886,779.17,8,2,333,0,0,expired_method,0,1
T100837,C1213,813.5,2,0,799,1,1,checkout_abandoned,0,1
T100838,C1203,1641.12,7,2,836,0,1,expired_method,0,1
T100839,C1764,1679.81,2,0,273,0,1,technical_error,0,1
T100840,C1229,599.51,2,0,459,1,1,authentication_failure,0,1
T100841,C1676,1176.2,4,3,558,1,1,authentication_failure,1,0
T100842,C1227,4089.49,6,1,1345,1,1,insufficient_funds,0,1
T100843,C1659,445.3,6,0,1222,1,1,temporary_failure,0,1
T100844,C1532,4080.25,4,1,74,1,0,authentication_failure,0,1
T100845,C1441,1117.36,8,2,435,0,1,checkout_abandoned,0,1
T100846,C1402,231.99,8,0,633,0,1,temporary_failure,0,1
T100847,C1047,480.56,9,0,362,0,1,expired_method,1,1
T100848,C1233,650.27,5,0,954,1,1,checkout_abandoned,0,1
T100849,C1305,838.87,4,1,589,0,1,authentication_failure,0,1
T100850,C1526,1238.26,5,3,1017,1,1,authentication_failure,0,1
T100851,C1143,176.34,6,2,1170,1,0,expired_method,1,1
T100852,C1415,1540.87,3,0,145,1,0,authentication_failure,1,0
T100853,C1513,607.09,6,1,1347,0,0,checkout_abandoned,1,0
T100854,C1373,3800.52,9,0,1020,0,1,insufficient_funds,1,0
T100855,C1566,1093.75,3,0,735,0,0,temporary_failure,0,1
T100856,C1886,2716.6,6,0,762,0,0,temporary_failure,0,1
T100857,C1259,3080.24,3,1,319,0,1,insufficient_funds,0,1
T100858,C1656,3018.32,5,2,1471,0,0,authentication_failure,1,0
T100859,C1471,875.85,2,0,1394,1,0,temporary_failure,0,1
T100860,C1012,867.49,5,0,165,1,0,insufficient_funds,1,0
T100861,C1330,1131.47,2,1,971,1,1,insufficient_funds,1,0
T100862,C1736,2158.52,4,1,375,0,1,temporary_failure,0,1
T100863,C1784,913.22,3,2,1114,1,0,expired_method,0,1
T100864,C1358,1224.82,6,1,1270,1,1,authentication_failure,0,1
T100865,C1408,1644.51,7,2,1430,1,0,checkout_abandoned,0,1
T100866,C1668,679.48,6,1,1092,1,1,authentication_failure,1,1
T100867,C1373,648.02,4,1,1270,1,0,checkout_abandoned,0,1
T100868,C1008,1189.52,8,1,347,0,1,authentication_failure,0,1
T100869,C1122,1313.74,4,1,481,1,1,checkout_abandoned,1,0
T100870,C1348,1854.58,6,3,1448,1,0,checkout_abandoned,1,1
T100871,C1676,2217.01,6,0,298,0,1,checkout_abandoned,0,1
T100872,C1090,587.4,4,2,383,0,1,insufficient_funds,0,1
T100873,C1648,728.46,6,0,1342,0,0,technical_error,0,1
T100874,C1698,646.73,5,0,1155,1,1,temporary_failure,0,1
T100875,C1316,3863.53,4,2,356,1,1,temporary_failure,0,1
T100876,C1178,1223.9,6,3,642,1,0,checkout_abandoned,0,1
T100877,C1540,1355.73,6,1,45,0,1,checkout_abandoned,0,1
T100878,C1732,1398.75,7,1,734,0,1,checkout_abandoned,0,1
T100879,C1869,783.09,6,1,1486,1,0,technical_error,0,1
T100880,C1041,4329.48,6,0,468,0,1,insufficient_funds,1,0
T100881,C1740,1823.06,8,2,1259,0,0,technical_error,0,1
T100882,C1704,1379.8,6,2,900,1,1,temporary_failure,0,1
T100883,C1502,584.68,7,1,811,1,1,technical_error,1,1
T100884,C1145,560.34,3,2,1410,1,1,insufficient_funds,0,1
T100885,C1201,1062.44,2,0,1221,0,1,temporary_failure,0,1
T100886,C1724,792.35,5,0,1036,0,0,checkout_abandoned,0,1
T100887,C1461,601.49,9,0,15,1,1,expired_method,0,1
T100888,C1732,1014.13,3,2,1437,0,1,expired_method,0,1
T100889,C1752,1138.74,2,0,622,0,0,temporary_failure,0,1
T100890,C1558,1489.71,5,1,318,0,0,temporary_failure,0,1
T100891,C1547,917.87,1,1,368,0,0,checkout_abandoned,1,0
T100892,C1253,629.11,4,0,967,0,1,insufficient_funds,0,1
T100893,C1390,645.68,6,0,517,0,1,technical_error,0,1
T100894,C1594,3326.68,4,0,474,0,1,insufficient_funds,0,1
T100895,C1883,523.84,5,1,685,0,1,checkout_abandoned,0,1
T100896,C1256,1758.8,5,0,811,0,1,technical_error,0,1
T100897,C1709,1977.64,1,2,527,1,1,temporary_failure,0,1
T100898,C1815,1222.98,9,0,1008,0,1,temporary_failure,1,1
T100899,C1450,5043.58,3,0,393,0,1,expired_method,0,1
T100900,C1010,1951.37,2,3,971,0,1,technical_error,0,1
T100901,C1824,5335.71,6,0,499,0,0,checkout_abandoned,1,1
T100902,C1798,821.97,5,2,548,0,1,expired_method,0,1
T100903,C1242,832.59,3,1,560,0,0,temporary_failure,1,1
T100904,C1251,1989.53,4,2,1340,0,0,checkout_abandoned,0,1
T100905,C1877,1100.92,5,1,1308,0,1,authentication_failure,0,1
T100906,C1005,4742.17,8,0,617,0,1,temporary_failure,0,1
T100907,C1119,1730.69,3,1,171,0,1,checkout_abandoned,0,1
T100908,C1801,611.9,6,1,610,0,0,technical_error,1,1
T100909,C1374,364.09,9,0,1280,0,1,temporary_failure,1,1
T100910,C1065,1263.1,7,1,674,1,1,expired_method,0,1
T100911,C1146,1252.83,3,0,853,0,1,checkout_abandoned,1,1
T100912,C1224,1694.81,4,2,871,1,1,authentication_failure,0,1
T100913,C1239,3320.99,4,0,252,1,0,technical_error,0,1
T100914,C1177,3008.92,11,1,39,0,0,technical_error,0,1
T100915,C1779,867.68,4,2,490,1,1,temporary_failure,1,1
T100916,C1853,507.57,5,1,230,1,1,authentication_failure,0,1
T100917,C1282,530.81,7,1,380,0,1,authentication_failure,0,1
T100918,C1063,770.78,13,0,1111,0,0,temporary_failure,0,1
T100919,C1217,1017.34,8,2,129,0,1,temporary_failure,0,1
T100920,C1854,1683.78,6,0,519,0,0,insufficient_funds,1,1
T100921,C1827,734.56,5,2,523,0,1,insufficient_funds,0,1
T100922,C1795,1652.91,4,0,1400,1,1,insufficient_funds,0,1
T100923,C1689,1757.29,3,2,1113,0,1,expired_method,0,1
T100924,C1461,1491.46,9,2,1392,1,1,insufficient_funds,0,1
T100925,C1610,574.52,7,1,200,0,0,expired_method,1,0
T100926,C1105,1902.4,9,3,1050,1,1,technical_error,0,1
T100927,C1099,6380.18,6,0,40,1,0,expired_method,0,1
T100928,C1511,1610.7,7,2,906,0,0,technical_error,0,1
T100929,C1385,146.23,4,0,1167,1,0,expired_method,0,1
T100930,C1405,3397.04,6,2,1256,0,1,insufficient_funds,0,1
T100931,C1823,790.72,4,1,1103,0,1,expired_method,0,1
T100932,C1518,7326.73,2,3,401,1,1,checkout_abandoned,1,1
T100933,C1476,1461.58,4,1,1126,0,0,checkout_abandoned,1,1
T100934,C1709,378.6,5,0,1106,0,1,checkout_abandoned,0,1
T100935,C1863,284.71,3,5,1171,0,1,authentication_failure,1,1
T100936,C1645,4250.56,6,1,33,1,0,expired_method,0,1
T100937,C1870,3069.99,2,2,456,0,1,authentication_failure,0,1
T100938,C1771,7111.82,2,3,177,1,1,technical_error,0,1
T100939,C1437,1350.45,5,2,779,1,1,authentication_failure,0,1
T100940,C1023,1283.83,6,1,1309,0,0,technical_error,0,1
T100941,C1565,1005.22,4,3,298,0,1,expired_method,0,1
T100942,C1677,817.53,2,5,1047,1,0,checkout_abandoned,0,1
T100943,C1714,997.92,5,0,447,1,1,checkout_abandoned,0,1
T100944,C1458,1576.71,7,3,64,0,0,checkout_abandoned,0,1
T100945,C1083,711.29,9,0,1326,0,1,checkout_abandoned,0,1
T100946,C1145,383.0,5,0,737,1,1,insufficient_funds,0,1
T100947,C1085,1510.06,7,1,1394,1,0,authentication_failure,1,0
T100948,C1078,699.49,10,3,93,1,1,technical_error,1,1
T100949,C1457,117.97,5,1,378,0,1,insufficient_funds,1,1
T100950,C1878,2027.23,6,1,1194,1,1,technical_error,0,1
T100951,C1001,583.45,7,3,905,0,1,temporary_failure,0,1
T100952,C1051,2200.28,6,2,315,1,1,temporary_failure,1,1
T100953,C1685,2161.13,9,2,1492,1,1,insufficient_funds,0,1
T100954,C1717,1656.88,6,3,719,0,1,checkout_abandoned,0,1
T100955,C1772,8713.37,4,2,209,0,1,expired_method,0,1
T100956,C1446,1207.69,7,0,344,1,1,authentication_failure,0,1
T100957,C1449,1081.14,3,2,1375,1,0,insufficient_funds,0,1
T100958,C1881,2236.69,4,2,188,1,0,expired_method,0,1
T100959,C1488,1284.87,3,1,459,1,1,expired_method,0,1
T100960,C1800,3198.29,5,1,1189,0,1,temporary_failure,0,1
T100961,C1034,517.18,2,0,749,1,1,insufficient_funds,0,1
T100962,C1348,523.67,3,1,877,1,0,insufficient_funds,0,1
T100963,C1095,2378.81,3,2,1205,0,1,expired_method,0,1
T100964,C1072,559.14,7,2,987,1,1,technical_error,0,1
T100965,C1551,2115.03,4,0,1429,1,1,checkout_abandoned,0,1
T100966,C1154,1767.82,7,3,1244,1,1,insufficient_funds,0,1
T100967,C1250,795.63,5,1,675,0,1,insufficient_funds,1,1
T100968,C1674,1764.07,3,2,34,0,1,temporary_failure,1,0
T100969,C1438,530.63,7,0,485,1,1,authentication_failure,0,1
T100970,C1118,632.75,4,1,792,0,1,technical_error,0,1
T100971,C1771,1121.15,4,1,211,0,1,technical_error,0,1
T100972,C1891,1421.11,5,1,619,1,1,temporary_failure,0,1
T100973,C1306,1066.64,3,2,598,0,1,temporary_failure,0,1
T100974,C1268,1853.51,6,0,1497,0,1,technical_error,0,1
T100975,C1054,1792.47,9,2,446,0,1,temporary_failure,0,1
T100976,C1236,4217.62,3,0,881,1,0,insufficient_funds,0,1
T100977,C1389,1247.05,2,0,1402,0,1,temporary_failure,0,1
T100978,C1734,3281.06,2,2,1412,1,0,checkout_abandoned,1,0
T100979,C1763,2671.9,7,2,120,1,1,temporary_failure,0,1
T100980,C1825,7483.7,5,4,132,0,1,authentication_failure,0,1
T100981,C1401,1217.5,8,1,63,0,0,temporary_failure,1,1
T100982,C1624,977.24,6,2,1239,0,0,temporary_failure,0,1
T100983,C1767,3440.15,4,1,176,1,1,insufficient_funds,0,1
T100984,C1303,1788.4,4,0,999,1,1,temporary_failure,0,1
T100985,C1207,3502.54,7,0,444,1,1,temporary_failure,0,1
T100986,C1229,2292.96,2,1,969,0,0,temporary_failure,0,1
T100987,C1853,275.87,2,1,610,0,0,temporary_failure,0,1
T100988,C1578,1776.22,5,1,1044,0,0,technical_error,0,1
T100989,C1075,1691.57,6,0,1416,1,1,insufficient_funds,1,1
T100990,C1435,1480.05,6,1,518,1,1,technical_error,0,1
T100991,C1103,1212.96,3,0,573,1,1,expired_method,0,1
T100992,C1422,405.81,13,0,734,1,1,temporary_failure,1,1
T100993,C1704,2580.23,6,1,1087,0,0,authentication_failure,1,1
T100994,C1764,1772.82,4,2,256,1,0,temporary_failure,0,1
T100995,C1738,3060.91,7,4,590,1,1,insufficient_funds,1,0
T100996,C1806,422.39,4,0,149,0,1,temporary_failure,0,1
T100997,C1306,1959.32,9,1,880,1,1,authentication_failure,0,1
T100998,C1098,1123.28,4,0,414,1,0,technical_error,0,1
T100999,C1850,1491.95,4,0,515,0,1,technical_error,0,1
T101000,C1798,1133.01,8,1,1257,0,1,insufficient_funds,0,1
T101001,C1335,2013.65,4,1,590,0,1,insufficient_funds,0,1
T101002,C1859,1185.41,7,1,356,1,1,temporary_failure,0,1
T101003,C1435,608.54,4,2,872,1,1,checkout_abandoned,0,1
T101004,C1447,1429.13,2,1,383,0,1,technical_error,0,1
T101005,C1308,1140.67,5,2,1237,1,0,insufficient_funds,1,0
T101006,C1249,1258.22,4,1,642,0,1,checkout_abandoned,0,1
T101007,C1166,122.63,5,4,301,0,1,checkout_abandoned,0,1
T101008,C1481,2234.96,2,3,286,0,1,checkout_abandoned,1,0
T101009,C1335,1057.86,4,2,1342,0,1,checkout_abandoned,0,1
T101010,C1542,487.3,3,0,263,0,1,temporary_failure,0,1
T101011,C1759,2675.58,4,2,668,1,1,checkout_abandoned,0,1
T101012,C1106,2158.73,6,4,12,1,0,temporary_failure,0,1
T101013,C1563,1047.86,9,0,1221,0,1,checkout_abandoned,0,1
T101014,C1081,564.46,6,4,1370,0,1,temporary_failure,0,1
T101015,C1133,1530.77,8,1,1383,0,0,technical_error,1,1
T101016,C1797,1468.99,4,1,1133,0,1,checkout_abandoned,0,1
T101017,C1138,2679.14,5,0,466,0,1,authentication_failure,0,1
T101018,C1184,960.25,5,4,427,1,1,temporary_failure,0,1
T101019,C1401,3281.95,6,3,166,0,0,checkout_abandoned,0,1
T101020,C1330,893.2,3,0,211,0,1,technical_error,0,1
T101021,C1785,488.15,2,2,893,0,0,authentication_failure,1,0
T101022,C1508,572.94,2,1,706,1,0,technical_error,0,1
T101023,C1852,1278.18,5,1,338,0,1,temporary_failure,0,1
T101024,C1069,1275.21,3,2,49,0,1,checkout_abandoned,1,1
T101025,C1546,1712.82,4,1,1339,0,1,insufficient_funds,0,1
T101026,C1774,1251.65,10,1,724,0,1,temporary_failure,0,1
T101027,C1053,2787.75,4,1,156,1,1,authentication_failure,0,1
T101028,C1450,1101.23,6,1,251,0,1,checkout_abandoned,0,1
T101029,C1205,299.7,7,1,188,1,0,temporary_failure,0,1
T101030,C1126,1223.14,7,2,1082,0,0,checkout_abandoned,0,1
T101031,C1747,297.35,6,2,189,0,1,temporary_failure,0,1
T101032,C1043,1641.79,3,0,671,1,0,authentication_failure,1,0
T101033,C1752,2959.85,1,1,890,1,1,checkout_abandoned,0,1
T101034,C1883,639.27,6,0,967,0,1,temporary_failure,0,1
T101035,C1111,3881.27,6,1,760,0,1,insufficient_funds,0,1
T101036,C1761,2520.28,5,0,1349,0,1,insufficient_funds,0,1
T101037,C1663,3310.52,5,2,218,1,0,authentication_failure,0,1
T101038,C1183,1544.06,3,3,1280,1,0,insufficient_funds,1,1
T101039,C1848,636.14,7,1,640,0,1,expired_method,1,1
T101040,C1095,2405.74,9,2,1470,0,1,expired_method,0,1
T101041,C1374,838.45,2,2,552,0,1,technical_error,0,1
T101042,C1520,1463.25,10,3,358,1,1,temporary_failure,0,1
T101043,C1360,1177.9,6,2,528,0,1,temporary_failure,0,1
T101044,C1696,3113.56,6,1,396,0,1,temporary_failure,1,1
T101045,C1281,2316.34,4,1,1314,1,1,temporary_failure,0,1
T101046,C1195,1260.89,5,2,1451,0,1,temporary_failure,0,1
T101047,C1864,309.91,5,4,810,0,1,temporary_failure,1,1
T101048,C1195,831.79,8,2,616,0,1,temporary_failure,0,1
T101049,C1667,2271.43,1,0,353,0,1,expired_method,0,1
T101050,C1093,1652.56,3,2,1071,1,0,temporary_failure,0,1
T101051,C1672,433.8,4,0,375,1,1,temporary_failure,0,1
T101052,C1061,345.52,4,1,390,0,1,insufficient_funds,0,1
T101053,C1634,1550.96,3,0,1159,0,1,checkout_abandoned,0,1
T101054,C1051,606.2,11,0,1209,0,1,authentication_failure,1,0
T101055,C1403,651.58,7,1,994,0,1,insufficient_funds,0,1
T101056,C1789,2218.21,5,1,1134,0,1,insufficient_funds,0,1
T101057,C1005,3300.0,4,1,500,0,0,authentication_failure,0,1
T101058,C1466,762.78,5,1,202,0,1,technical_error,0,1
T101059,C1604,1295.21,6,2,90,1,0,authentication_failure,1,1
T101060,C1682,1266.88,4,1,887,0,1,temporary_failure,0,1
T101061,C1829,1184.23,8,1,1488,1,1,insufficient_funds,0,1
T101062,C1534,1380.84,6,2,1367,0,1,insufficient_funds,0,1
T101063,C1405,2362.26,7,2,138,1,1,insufficient_funds,1,1
T101064,C1838,808.0,5,2,1039,1,1,insufficient_funds,0,1
T101065,C1513,426.68,5,3,1491,1,1,authentication_failure,0,1
T101066,C1645,4757.64,5,2,30,0,1,temporary_failure,0,1
T101067,C1233,3032.27,1,1,1228,0,1,insufficient_funds,0,1
T101068,C1524,585.39,5,2,860,1,1,checkout_abandoned,0,1
T101069,C1346,1482.85,5,0,37,0,0,insufficient_funds,1,0
T101070,C1046,2858.43,4,2,459,0,1,temporary_failure,1,1
T101071,C1546,2349.09,8,2,932,1,1,checkout_abandoned,0,1
T101072,C1078,1894.12,4,1,937,1,1,technical_error,0,1
T101073,C1730,1178.89,5,2,661,1,0,technical_error,0,1
T101074,C1813,4892.59,8,1,842,0,1,expired_method,0,1
T101075,C1073,1580.73,4,1,1463,0,1,insufficient_funds,0,1
T101076,C1794,910.31,9,0,244,0,1,authentication_failure,0,1
T101077,C1249,2574.23,8,1,433,1,1,checkout_abandoned,0,1
T101078,C1047,1439.49,5,1,614,0,0,authentication_failure,1,1
T101079,C1121,1741.23,5,2,1170,0,0,temporary_failure,0,1
T101080,C1214,1559.88,6,2,91,1,1,checkout_abandoned,0,1
T101081,C1239,1944.15,9,5,327,0,1,checkout_abandoned,0,1
T101082,C1056,643.01,5,1,374,1,1,insufficient_funds,0,1
T101083,C1350,451.09,6,1,774,0,0,temporary_failure,0,1
T101084,C1107,3926.88,7,2,749,0,1,authentication_failure,0,1
T101085,C1831,1615.16,8,1,409,0,1,expired_method,0,1
T101086,C1048,2387.82,7,2,365,1,0,checkout_abandoned,0,1
T101087,C1573,357.87,3,1,1485,0,1,expired_method,0,1
T101088,C1337,2980.99,4,4,945,1,1,expired_method,0,1
T101089,C1026,905.86,2,1,244,0,1,technical_error,1,1
T101090,C1804,731.67,5,1,44,0,1,authentication_failure,1,0
T101091,C1257,1277.26,5,1,648,1,1,temporary_failure,0,1
T101092,C1008,643.24,3,0,348,0,1,authentication_failure,0,1
T101093,C1625,1337.69,3,1,1487,0,1,checkout_abandoned,0,1
T101094,C1867,1209.24,6,2,1292,0,0,expired_method,0,1
T101095,C1253,2966.97,7,3,1086,1,0,technical_error,1,1
T101096,C1692,4167.24,4,1,452,1,0,expired_method,1,1
T101097,C1719,4068.94,7,0,429,1,0,technical_error,1,1
T101098,C1303,245.09,5,1,715,0,1,expired_method,0,1
T101099,C1639,664.23,2,1,761,0,0,authentication_failure,0,1
T101100,C1056,243.19,5,1,258,0,1,insufficient_funds,1,1
T101101,C1726,547.22,3,1,302,1,0,technical_error,0,1
T101102,C1526,822.92,4,2,216,0,1,insufficient_funds,1,1
T101103,C1474,1822.42,4,3,1134,0,1,temporary_failure,0,1
T101104,C1028,906.92,3,0,1248,1,1,checkout_abandoned,0,1
T101105,C1078,926.07,3,2,1333,1,0,temporary_failure,0,1
T101106,C1216,1535.06,7,3,444,0,1,technical_error,1,1
T101107,C1386,371.67,2,2,248,1,0,temporary_failure,0,1
T101108,C1365,714.12,1,2,1157,0,1,insufficient_funds,1,0
T101109,C1666,918.12,4,1,527,0,1,checkout_abandoned,0,1
T101110,C1526,1150.78,3,1,746,1,0,expired_method,0,1
T101111,C1699,1419.01,5,0,158,0,1,checkout_abandoned,0,1
T101112,C1312,4127.75,4,2,66,1,1,authentication_failure,0,1
T101113,C1883,2647.19,5,1,165,0,0,expired_method,0,1
T101114,C1007,752.21,4,0,545,1,0,expired_method,1,1
T101115,C1003,1101.03,7,0,124,0,1,temporary_failure,0,1
T101116,C1623,1046.2,4,1,613,1,0,authentication_failure,0,1
T101117,C1750,910.86,10,3,340,1,1,expired_method,0,1
T101118,C1363,1643.18,4,1,1224,0,1,expired_method,0,1
T101119,C1751,332.01,7,0,375,0,1,technical_error,1,1
T101120,C1508,2592.91,3,1,1282,0,1,expired_method,0,1
T101121,C1274,4770.29,4,1,895,1,1,technical_error,0,1
T101122,C1506,1094.03,5,1,1070,0,1,technical_error,0,1
T101123,C1806,1078.12,7,1,306,0,1,checkout_abandoned,1,0
T101124,C1739,1506.86,2,0,474,1,1,temporary_failure,0,1
T101125,C1883,2877.1,3,1,856,1,1,technical_error,0,1
T101126,C1015,1050.25,8,1,1254,0,1,temporary_failure,0,1
T101127,C1192,2698.52,2,1,747,1,1,expired_method,0,1
T101128,C1631,1932.12,10,2,882,0,1,technical_error,0,1
T101129,C1485,7873.11,3,2,820,1,1,insufficient_funds,1,1
T101130,C1028,1046.81,8,0,495,0,1,authentication_failure,1,0
T101131,C1714,304.3,4,1,408,0,1,expired_method,0,1
T101132,C1039,457.28,10,3,1085,1,0,expired_method,0,1
T101133,C1273,1351.47,4,0,781,0,1,authentication_failure,0,1
T101134,C1231,2895.5,8,0,1464,0,1,technical_error,1,1
T101135,C1086,821.08,4,2,923,1,1,expired_method,0,1
T101136,C1474,1126.42,5,0,1241,1,1,expired_method,0,1
T101137,C1126,2238.66,6,0,895,0,1,temporary_failure,0,1
T101138,C1812,649.42,5,1,1452,1,0,temporary_failure,0,1
T101139,C1537,846.87,5,1,1493,1,1,expired_method,1,1
T101140,C1145,557.91,2,0,528,1,1,temporary_failure,0,1
T101141,C1525,3241.11,6,1,1202,0,1,insufficient_funds,0,1
T101142,C1212,4256.72,5,1,711,0,1,temporary_failure,0,1
T101143,C1025,409.71,5,2,1173,0,1,insufficient_funds,1,1
T101144,C1580,1203.95,3,0,356,0,1,temporary_failure,1,1
T101145,C1394,3848.52,5,0,67,0,0,technical_error,0,1
T101146,C1067,1806.27,7,1,667,0,0,expired_method,1,1
T101147,C1233,928.04,4,1,1482,1,0,temporary_failure,0,1
T101148,C1109,420.05,4,1,1218,1,1,checkout_abandoned,0,1
T101149,C1146,3180.23,7,0,187,0,1,insufficient_funds,1,0
T101150,C1111,1755.28,5,2,474,0,1,checkout_abandoned,1,1
T101151,C1228,443.75,5,0,1160,0,0,expired_method,0,1
T101152,C1111,3269.58,3,3,1078,0,1,insufficient_funds,0,1
T101153,C1470,403.31,7,1,199,1,1,insufficient_funds,0,1
T101154,C1034,1135.28,9,1,1395,0,1,insufficient_funds,0,1
T101155,C1623,1098.32,8,0,375,1,1,insufficient_funds,0,1
T101156,C1776,4508.8,7,2,202,0,0,insufficient_funds,1,0
T101157,C1369,1101.27,5,2,576,1,1,authentication_failure,0,1
T101158,C1748,1098.3,7,1,303,1,1,insufficient_funds,0,1
T101159,C1595,481.88,3,0,781,0,0,authentication_failure,0,1
T101160,C1554,828.57,7,3,1020,0,0,checkout_abandoned,0,1
T101161,C1425,725.62,13,1,536,1,0,checkout_abandoned,1,1
T101162,C1613,754.52,6,2,158,0,1,insufficient_funds,0,1
T101163,C1518,1345.76,5,1,158,0,1,temporary_failure,1,1
T101164,C1692,215.8,3,3,260,0,1,checkout_abandoned,0,1
T101165,C1282,431.53,8,3,444,0,1,technical_error,0,1
T101166,C1320,1232.42,2,1,223,0,0,authentication_failure,1,0
T101167,C1738,1466.95,7,4,629,0,1,insufficient_funds,0,1
T101168,C1443,1124.31,3,2,44,1,1,insufficient_funds,0,1
T101169,C1315,1299.07,6,2,390,0,1,authentication_failure,0,1
T101170,C1877,985.51,2,0,781,0,0,technical_error,0,1
T101171,C1741,1320.97,6,0,236,0,1,temporary_failure,0,1
T101172,C1377,1854.94,1,2,229,0,1,temporary_failure,0,1
T101173,C1289,1845.21,7,1,1173,1,0,technical_error,0,1
T101174,C1437,798.94,3,1,807,1,1,insufficient_funds,0,1
T101175,C1662,2660.64,6,1,274,1,0,authentication_failure,0,1
T101176,C1277,1506.93,0,2,796,0,1,checkout_abandoned,0,1
T101177,C1710,3375.03,5,0,345,0,0,checkout_abandoned,0,1
T101178,C1582,3923.17,5,4,970,0,1,authentication_failure,1,0
T101179,C1503,453.94,5,1,1312,0,0,insufficient_funds,0,1
T101180,C1624,703.26,5,0,341,0,1,insufficient_funds,1,0
T101181,C1516,2465.53,5,2,782,1,1,checkout_abandoned,0,1
T101182,C1350,384.26,2,0,733,0,1,technical_error,1,1
T101183,C1843,3885.99,6,0,1228,0,1,temporary_failure,0,1
T101184,C1446,1034.93,5,2,640,1,0,expired_method,1,0
T101185,C1830,2061.68,7,0,715,1,1,expired_method,0,1
T101186,C1350,1227.47,4,1,1076,0,1,authentication_failure,0,1
T101187,C1607,471.4,9,1,989,0,1,expired_method,0,1
T101188,C1664,2956.2,4,1,1291,1,1,expired_method,0,1
T101189,C1823,10541.15,2,1,697,0,1,temporary_failure,0,1
T101190,C1137,910.27,5,2,451,1,1,checkout_abandoned,0,1
T101191,C1759,1051.77,5,0,1329,0,1,insufficient_funds,0,1
T101192,C1899,183.68,6,2,620,0,0,expired_method,0,1
T101193,C1243,3690.91,5,1,446,0,1,insufficient_funds,0,1
T101194,C1543,2654.0,2,1,968,0,1,temporary_failure,0,1
T101195,C1040,365.02,8,1,911,1,1,expired_method,0,1
T101196,C1229,284.67,4,1,1431,1,1,checkout_abandoned,0,1
T101197,C1548,310.47,6,1,1158,1,0,checkout_abandoned,0,1
T101198,C1223,2173.03,6,0,810,0,0,checkout_abandoned,0,1
T101199,C1006,2341.96,5,1,1397,1,1,insufficient_funds,0,1
T101200,C1322,670.15,6,0,1180,1,1,expired_method,0,1
T101201,C1468,1947.78,4,2,1493,1,1,checkout_abandoned,0,1
T101202,C1732,1508.93,9,0,180,0,1,temporary_failure,0,1
T101203,C1075,1016.93,4,0,319,1,0,checkout_abandoned,1,0
T101204,C1004,2772.9,6,2,988,0,1,technical_error,0,1
T101205,C1847,542.56,7,5,361,1,1,expired_method,0,1
T101206,C1646,3167.36,4,0,869,0,0,temporary_failure,0,1
T101207,C1118,775.58,1,1,1381,1,1,insufficient_funds,0,1
T101208,C1881,5095.7,4,1,1384,1,0,temporary_failure,0,1
T101209,C1606,630.19,4,2,1005,0,1,technical_error,0,1
T101210,C1504,1028.98,6,3,150,0,1,expired_method,1,1
T101211,C1574,1399.6,4,0,1203,0,1,expired_method,0,1
T101212,C1441,1393.03,1,0,1258,1,0,technical_error,0,1
T101213,C1194,1935.5,3,3,755,1,0,temporary_failure,0,1
T101214,C1847,510.68,12,1,230,0,1,technical_error,0,1
T101215,C1715,1302.47,1,0,1398,1,1,temporary_failure,0,1
T101216,C1392,1485.64,3,0,752,0,0,technical_error,0,1
T101217,C1026,901.62,5,4,849,0,0,expired_method,1,0
T101218,C1435,1813.55,4,0,122,0,0,expired_method,0,1
T101219,C1173,487.95,6,0,1282,0,1,insufficient_funds,0,1
T101220,C1300,1048.55,5,2,1482,1,0,expired_method,0,1
T101221,C1645,761.36,3,2,1081,1,1,temporary_failure,0,1
T101222,C1326,1050.93,8,2,1384,0,1,expired_method,0,1
T101223,C1410,3965.06,5,2,1117,1,1,checkout_abandoned,0,1
T101224,C1118,4023.24,7,1,685,1,0,checkout_abandoned,0,1
T101225,C1836,3473.13,3,0,182,0,0,checkout_abandoned,0,1
T101226,C1787,947.01,10,0,154,0,1,checkout_abandoned,0,1
T101227,C1724,2645.76,9,0,771,1,1,temporary_failure,0,1
T101228,C1225,1457.2,7,0,1484,1,1,insufficient_funds,0,1
T101229,C1532,1386.02,4,1,554,0,0,temporary_failure,1,1
T101230,C1113,1263.93,2,1,330,0,1,temporary_failure,1,1
T101231,C1140,5008.11,5,1,1181,1,0,checkout_abandoned,1,1
T101232,C1559,3730.8,6,3,715,0,1,checkout_abandoned,0,1
T101233,C1001,2341.79,7,2,135,1,0,checkout_abandoned,0,1
T101234,C1090,1178.83,6,2,921,0,1,technical_error,0,1
T101235,C1654,1379.77,8,4,684,0,1,authentication_failure,1,0
T101236,C1320,1994.05,3,1,1499,0,1,technical_error,0,1
T101237,C1550,905.78,4,1,1162,0,1,insufficient_funds,0,1
T101238,C1805,2707.38,3,3,692,0,1,technical_error,0,1
T101239,C1894,671.2,7,2,1026,0,1,temporary_failure,0,1
T101240,C1139,1797.02,6,1,1108,1,1,temporary_failure,0,1
T101241,C1511,240.5,7,1,225,0,1,authentication_failure,0,1
T101242,C1868,886.28,5,0,752,1,1,temporary_failure,0,1
T101243,C1845,6363.02,4,1,246,1,1,temporary_failure,0,1
T101244,C1259,2913.6,5,3,105,1,1,temporary_failure,0,1
T101245,C1673,4236.96,5,0,1216,0,1,checkout_abandoned,0,1
T101246,C1690,812.02,3,2,921,1,0,technical_error,1,1
T101247,C1010,1447.84,4,1,1228,1,0,expired_method,1,1
T101248,C1261,3503.42,6,2,1283,0,1,technical_error,1,1
T101249,C1650,2153.44,10,3,1480,0,1,checkout_abandoned,0,1
T101250,C1172,1961.42,5,0,81,0,0,expired_method,0,1
T101251,C1898,4550.25,2,2,927,0,1,authentication_failure,0,1
T101252,C1013,613.79,7,0,961,1,1,technical_error,0,1
T101253,C1168,1166.57,3,2,61,1,1,checkout_abandoned,0,1
T101254,C1642,359.4,3,0,986,1,1,expired_method,0,1
T101255,C1596,589.14,6,2,164,0,1,expired_method,0,1
T101256,C1321,2997.82,6,1,329,1,1,checkout_abandoned,0,1
T101257,C1319,673.16,6,1,310,0,1,insufficient_funds,0,1
T101258,C1613,2325.39,3,1,204,0,1,temporary_failure,1,1
T101259,C1329,4646.47,7,0,1059,1,1,expired_method,0,1
T101260,C1785,1172.09,11,0,1260,0,1,authentication_failure,0,1
T101261,C1777,1978.11,9,0,1430,0,0,temporary_failure,0,1
T101262,C1550,2339.01,6,0,218,1,1,authentication_failure,0,1
T101263,C1419,535.86,3,2,1447,1,1,checkout_abandoned,0,1
T101264,C1606,843.59,3,2,742,0,1,expired_method,0,1
T101265,C1095,630.97,4,0,855,1,1,expired_method,0,1
T101266,C1817,895.57,8,1,807,0,0,technical_error,1,1
T101267,C1581,2291.78,4,2,1006,1,1,checkout_abandoned,0,1
T101268,C1318,857.14,5,1,262,0,1,checkout_abandoned,0,1
T101269,C1236,1304.58,10,1,1461,1,1,insufficient_funds,1,1
T101270,C1334,612.87,7,1,953,1,1,temporary_failure,0,1
T101271,C1885,3360.4,5,0,623,0,0,authentication_failure,1,0
T101272,C1376,889.95,5,3,1298,1,1,checkout_abandoned,0,1
T101273,C1459,4197.46,3,0,1209,1,0,temporary_failure,0,1
T101274,C1137,1402.06,6,2,1385,0,1,temporary_failure,0,1
T101275,C1588,466.26,4,1,193,1,1,insufficient_funds,1,0
T101276,C1547,1178.18,4,1,1357,1,0,insufficient_funds,0,1
T101277,C1513,603.6,1,3,508,0,1,technical_error,1,1
T101278,C1296,2083.93,8,2,1226,0,1,temporary_failure,0,1
T101279,C1320,1101.0,0,1,866,0,1,expired_method,0,1
T101280,C1572,1513.84,4,1,1009,0,1,checkout_abandoned,0,1
T101281,C1832,1015.35,7,0,495,0,0,authentication_failure,0,1
T101282,C1349,883.15,7,2,204,0,1,insufficient_funds,0,1
T101283,C1840,645.34,7,0,1054,1,1,checkout_abandoned,0,1
T101284,C1779,2507.82,2,0,1367,1,1,temporary_failure,0,1
T101285,C1873,1176.31,7,1,807,1,1,technical_error,0,1
T101286,C1229,1057.84,3,1,1088,1,0,temporary_failure,1,1
T101287,C1270,1154.4,6,1,1035,0,1,temporary_failure,1,1
T101288,C1828,805.01,4,1,313,1,0,expired_method,0,1
T101289,C1798,1060.49,2,1,1174,0,1,checkout_abandoned,0,1
T101290,C1291,1562.78,2,1,98,0,1,expired_method,0,1
T101291,C1725,616.71,3,1,889,0,1,temporary_failure,0,1
T101292,C1165,687.45,1,1,1017,0,1,temporary_failure,0,1
T101293,C1005,3765.79,8,0,595,0,1,expired_method,0,1
T101294,C1851,1020.38,5,0,314,0,1,temporary_failure,0,1
T101295,C1379,885.66,5,0,1198,1,1,expired_method,0,1
T101296,C1078,488.87,6,3,1250,0,1,temporary_failure,1,1
T101297,C1410,2535.15,1,0,1397,0,0,expired_method,0,1
T101298,C1574,606.71,4,0,540,1,1,insufficient_funds,1,1
T101299,C1132,1324.16,1,0,293,0,0,checkout_abandoned,0,1
T101300,C1601,371.99,1,2,1395,1,1,expired_method,1,1
T101301,C1749,2474.09,5,1,1401,0,1,insufficient_funds,0,1
T101302,C1042,3237.78,1,4,450,0,1,checkout_abandoned,1,0
T101303,C1089,1926.37,4,0,1478,0,1,technical_error,0,1
T101304,C1402,423.75,7,3,1410,0,1,insufficient_funds,1,0
T101305,C1296,2512.6,4,0,197,0,0,insufficient_funds,0,1
T101306,C1840,720.17,4,0,856,0,0,authentication_failure,0,1
T101307,C1295,556.56,4,0,972,1,1,insufficient_funds,0,1
T101308,C1616,1004.66,1,4,1417,0,1,temporary_failure,0,1
T101309,C1526,989.77,6,0,1461,0,1,insufficient_funds,0,1
T101310,C1800,917.1,3,0,1191,1,1,technical_error,0,1
T101311,C1691,3481.63,4,1,754,1,1,authentication_failure,0,1
T101312,C1637,6056.39,5,2,636,0,0,expired_method,0,1
T101313,C1422,479.69,8,1,1258,0,0,technical_error,0,1
T101314,C1865,799.01,3,4,566,0,0,expired_method,0,1
T101315,C1023,1490.79,4,1,1008,1,1,expired_method,1,1
T101316,C1575,1000.71,2,0,639,1,1,authentication_failure,1,0
T101317,C1143,1807.23,3,1,381,1,1,insufficient_funds,0,1
T101318,C1665,2662.42,2,2,318,1,1,expired_method,0,1
T101319,C1145,2349.66,6,3,1392,0,0,insufficient_funds,0,1
T101320,C1225,2116.04,5,0,111,0,0,expired_method,1,0
T101321,C1503,4648.6,2,2,1493,1,1,checkout_abandoned,0,1
T101322,C1821,406.79,0,1,141,0,1,temporary_failure,0,1
T101323,C1616,4064.64,4,3,211,1,1,checkout_abandoned,0,1
T101324,C1104,982.65,4,0,1320,0,1,temporary_failure,0,1
T101325,C1039,2413.53,8,0,1180,0,1,expired_method,1,1
T101326,C1198,618.78,4,1,303,1,1,expired_method,0,1
T101327,C1646,677.65,3,1,42,1,1,technical_error,1,0
T101328,C1579,2200.83,6,3,27,1,0,authentication_failure,1,0
T101329,C1391,315.28,4,0,881,1,0,checkout_abandoned,0,1
T101330,C1179,2813.21,7,0,681,0,1,insufficient_funds,0,1
T101331,C1554,3446.01,5,0,1148,1,1,technical_error,0,1
T101332,C1448,1530.48,5,3,217,1,1,temporary_failure,0,1
T101333,C1500,1489.69,5,1,170,0,1,authentication_failure,0,1
T101334,C1015,716.78,4,4,1323,1,1,checkout_abandoned,0,1
T101335,C1623,2221.28,6,2,328,1,1,authentication_failure,0,1
T101336,C1669,1738.45,2,1,471,1,1,technical_error,0,1
T101337,C1289,671.07,5,0,918,0,1,authentication_failure,0,1
T101338,C1478,998.64,4,1,61,1,1,checkout_abandoned,0,1
T101339,C1231,1188.56,9,0,61,0,1,temporary_failure,0,1
T101340,C1420,997.65,2,0,1204,0,1,expired_method,0,1
T101341,C1157,481.94,7,2,627,1,1,insufficient_funds,0,1
T101342,C1550,2262.59,4,1,619,0,1,technical_error,0,1
T101343,C1441,1115.84,4,1,1478,0,1,insufficient_funds,0,1
T101344,C1097,1354.96,7,1,140,0,0,authentication_failure,0,1
T101345,C1411,868.09,6,3,973,0,1,expired_method,0,1
T101346,C1289,1913.05,5,1,232,1,1,checkout_abandoned,0,1
T101347,C1254,1554.68,4,2,324,0,1,temporary_failure,0,1
T101348,C1196,3326.21,2,2,846,0,1,authentication_failure,0,1
T101349,C1598,1920.71,4,2,1159,0,1,insufficient_funds,0,1
T101350,C1834,1150.54,4,1,521,1,1,insufficient_funds,0,1
T101351,C1522,769.09,3,3,139,1,1,checkout_abandoned,1,1
T101352,C1517,2564.36,5,0,717,1,1,temporary_failure,0,1
T101353,C1635,1083.63,3,1,1077,0,1,checkout_abandoned,1,1
T101354,C1842,1177.57,3,5,1417,1,1,expired_method,0,1
T101355,C1865,1177.35,3,2,197,0,0,checkout_abandoned,1,0
T101356,C1118,991.08,5,2,253,0,1,expired_method,0,1
T101357,C1806,1192.84,5,2,932,0,0,temporary_failure,1,1
T101358,C1159,5679.71,4,1,612,0,1,expired_method,0,1
T101359,C1815,610.41,4,2,944,0,1,checkout_abandoned,0,1
T101360,C1228,727.14,6,3,943,1,0,checkout_abandoned,0,1
T101361,C1877,3782.89,10,2,328,0,1,insufficient_funds,0,1
T101362,C1216,1011.2,8,0,963,1,1,technical_error,0,1
T101363,C1696,955.31,1,1,283,0,1,insufficient_funds,0,1
T101364,C1015,2910.7,7,0,772,1,1,expired_method,0,1
T101365,C1157,461.67,4,1,934,0,0,temporary_failure,0,1
T101366,C1648,2480.19,6,2,80,0,1,temporary_failure,0,1
T101367,C1261,1386.05,4,3,33,0,0,expired_method,1,1
T101368,C1157,1898.09,7,3,1327,0,1,temporary_failure,0,1
T101369,C1047,1871.55,5,2,143,1,1,insufficient_funds,0,1
T101370,C1324,836.32,2,2,1437,1,1,technical_error,0,1
T101371,C1844,2946.54,1,0,767,0,1,insufficient_funds,0,1
T101372,C1685,886.6,10,0,947,0,1,insufficient_funds,0,1
T101373,C1130,1820.08,3,0,211,0,1,expired_method,0,1
T101374,C1411,3389.01,6,2,170,0,1,temporary_failure,0,1
T101375,C1095,3767.54,2,0,1079,1,0,expired_method,0,1
T101376,C1627,1096.26,4,1,507,0,0,insufficient_funds,1,0
T101377,C1755,1895.72,8,3,1471,0,1,authentication_failure,1,1
T101378,C1292,1022.89,6,1,114,0,0,expired_method,1,1
T101379,C1794,8759.09,3,2,956,0,0,expired_method,0,1
T101380,C1811,2404.49,3,0,1118,1,1,insufficient_funds,0,1
T101381,C1283,1426.59,5,1,1110,0,1,checkout_abandoned,0,1
T101382,C1069,1693.28,5,0,534,0,1,expired_method,1,1
T101383,C1660,1817.7,5,1,831,1,0,expired_method,0,1
T101384,C1011,1858.56,6,0,917,0,1,checkout_abandoned,1,1
T101385,C1254,1118.79,2,0,993,0,1,insufficient_funds,0,1
T101386,C1842,996.51,9,1,300,0,1,technical_error,1,1
T101387,C1872,1195.25,8,5,348,1,1,temporary_failure,0,1
T101388,C1550,569.77,6,1,22,1,1,checkout_abandoned,0,1
T101389,C1134,2295.5,8,2,543,1,1,temporary_failure,0,1
T101390,C1712,734.16,2,2,561,1,1,authentication_failure,0,1
T101391,C1023,604.88,5,1,1406,0,1,expired_method,0,1
T101392,C1815,1325.09,8,2,136,0,1,temporary_failure,1,1
T101393,C1346,1214.89,4,1,784,1,1,authentication_failure,0,1
T101394,C1302,1615.22,2,1,1256,0,0,insufficient_funds,0,1
T101395,C1363,874.67,4,0,1022,0,1,insufficient_funds,0,1
T101396,C1396,997.84,2,0,832,1,1,authentication_failure,0,1
T101397,C1218,2250.91,2,1,980,0,1,expired_method,1,1
T101398,C1141,2150.41,4,5,231,0,0,authentication_failure,0,1
T101399,C1616,2084.21,4,1,406,1,1,temporary_failure,0,1
T101400,C1210,1373.99,4,0,108,1,1,checkout_abandoned,0,1
T101401,C1623,1520.34,10,2,1437,0,1,insufficient_funds,0,1
T101402,C1616,1592.13,6,1,1268,0,1,insufficient_funds,0,1
T101403,C1828,818.91,7,2,1219,0,1,temporary_failure,0,1
T101404,C1683,4046.21,1,1,288,0,1,expired_method,1,1
T101405,C1460,3636.19,9,2,702,1,1,expired_method,0,1
T101406,C1356,2430.09,6,1,797,1,1,expired_method,0,1
T101407,C1324,973.21,6,0,385,0,1,technical_error,1,1
T101408,C1133,2006.92,4,1,1436,1,0,technical_error,0,1
T101409,C1888,2789.95,6,2,245,1,1,insufficient_funds,0,1
T101410,C1805,535.18,3,1,667,1,1,temporary_failure,0,1
T101411,C1840,4773.73,9,1,77,0,1,technical_error,1,1
T101412,C1127,363.38,4,1,977,0,1,checkout_abandoned,0,1
T101413,C1106,2272.09,7,2,823,1,1,temporary_failure,0,1
T101414,C1604,3983.68,3,1,1209,1,1,insufficient_funds,0,1
T101415,C1799,1230.53,10,1,593,0,0,authentication_failure,1,1
T101416,C1378,1196.49,3,1,1486,1,1,temporary_failure,0,1
T101417,C1051,2210.0,7,0,626,1,1,temporary_failure,0,1
T101418,C1029,5371.76,7,1,881,1,1,insufficient_funds,0,1
T101419,C1462,1084.85,4,2,827,0,0,temporary_failure,0,1
T101420,C1296,745.67,5,1,62,1,0,temporary_failure,0,1
T101421,C1297,974.74,5,1,991,1,0,temporary_failure,0,1
T101422,C1726,418.06,8,1,1362,1,1,technical_error,1,1
T101423,C1779,2626.27,7,0,1300,1,0,checkout_abandoned,0,1
T101424,C1407,910.9,7,1,725,0,1,insufficient_funds,0,1
T101425,C1769,1145.67,3,0,401,0,1,insufficient_funds,0,1
T101426,C1814,2649.74,4,0,1065,0,1,authentication_failure,0,1
T101427,C1613,1009.61,3,1,200,0,0,insufficient_funds,1,0
T101428,C1405,2366.86,5,0,1220,0,0,temporary_failure,0,1
T101429,C1346,614.88,6,5,840,0,0,checkout_abandoned,0,1
T101430,C1622,2749.13,6,1,1434,1,0,temporary_failure,0,1
T101431,C1420,1730.96,7,1,1187,1,1,insufficient_funds,0,1
T101432,C1182,1253.34,1,4,60,0,0,technical_error,0,1
T101433,C1825,1477.59,2,3,1322,1,1,temporary_failure,0,1
T101434,C1001,510.26,6,0,547,0,1,checkout_abandoned,0,1
T101435,C1831,1452.44,4,1,287,0,1,temporary_failure,0,1
T101436,C1567,1204.41,9,2,460,1,0,technical_error,1,1
T101437,C1371,520.83,5,0,343,0,0,authentication_failure,0,1
T101438,C1661,809.72,5,1,1243,0,1,technical_error,0,1
T101439,C1431,1215.69,2,0,774,0,1,authentication_failure,0,1
T101440,C1309,849.4,5,3,515,1,1,expired_method,0,1
T101441,C1137,219.4,6,2,491,0,1,technical_error,0,1
T101442,C1202,3002.77,5,2,369,0,1,authentication_failure,0,1
T101443,C1436,1204.03,5,4,712,0,1,insufficient_funds,0,1
T101444,C1313,243.36,5,0,154,1,1,insufficient_funds,0,1
T101445,C1117,6642.36,9,0,562,0,1,expired_method,0,1
T101446,C1666,3398.35,3,1,85,0,1,insufficient_funds,0,1
T101447,C1803,1030.98,2,1,682,0,1,expired_method,0,1
T101448,C1575,712.03,3,2,297,0,1,technical_error,0,1
T101449,C1244,1812.37,3,1,1182,0,0,temporary_failure,0,1
T101450,C1537,1558.91,4,1,1470,0,1,insufficient_funds,0,1
T101451,C1602,2011.36,3,1,1367,1,1,checkout_abandoned,1,1
T101452,C1075,713.57,3,1,1099,0,1,temporary_failure,0,1
T101453,C1806,3051.32,2,0,1210,0,1,expired_method,0,1
T101454,C1386,939.08,4,1,1360,1,0,temporary_failure,0,1
T101455,C1210,2231.82,7,0,552,0,1,authentication_failure,0,1
T101456,C1475,736.78,1,1,946,1,1,expired_method,0,1
T101457,C1418,9760.59,6,2,977,0,0,technical_error,1,0
T101458,C1347,2256.66,4,3,208,1,1,authentication_failure,1,0
T101459,C1529,11651.31,5,2,429,1,1,insufficient_funds,0,1
T101460,C1640,2491.65,2,1,1107,0,1,technical_error,0,1
T101461,C1876,879.1,10,2,1456,0,1,expired_method,0,1
T101462,C1763,2494.98,4,1,120,0,1,insufficient_funds,0,1
T101463,C1179,2631.83,6,2,103,1,1,insufficient_funds,0,1
T101464,C1182,1772.23,7,0,886,0,1,temporary_failure,0,1
T101465,C1664,2149.08,3,1,369,1,0,technical_error,0,1
T101466,C1025,2371.54,3,1,1202,1,0,checkout_abandoned,0,1
T101467,C1180,635.71,9,0,306,0,1,technical_error,0,1
T101468,C1710,602.66,7,0,270,1,1,technical_error,0,1
T101469,C1501,738.29,6,0,734,0,0,insufficient_funds,1,0
T101470,C1856,1473.88,10,1,327,0,1,checkout_abandoned,0,1
T101471,C1161,1133.0,7,0,281,0,1,insufficient_funds,1,1
T101472,C1177,644.4,3,1,217,0,1,technical_error,1,0
T101473,C1285,2395.83,9,0,1377,0,0,expired_method,1,1
T101474,C1063,1656.2,2,1,887,0,1,temporary_failure,0,1
T101475,C1662,1520.35,8,6,412,1,0,temporary_failure,1,0
T101476,C1666,1103.79,3,1,1116,1,0,temporary_failure,0,1
T101477,C1156,1008.61,3,1,1273,1,1,insufficient_funds,0,1
T101478,C1882,712.66,5,1,452,1,0,temporary_failure,0,1
T101479,C1469,2698.11,3,1,618,1,1,expired_method,0,1
T101480,C1049,790.27,5,1,1102,0,1,temporary_failure,0,1
T101481,C1849,1567.2,6,2,478,0,1,insufficient_funds,0,1
T101482,C1084,4658.77,7,2,819,0,0,expired_method,1,1
T101483,C1361,1043.99,7,0,833,0,0,insufficient_funds,1,0
T101484,C1689,2753.22,6,0,952,1,1,temporary_failure,0,1
T101485,C1148,2051.92,3,1,1374,1,1,insufficient_funds,0,1
T101486,C1630,1691.89,7,2,885,1,1,temporary_failure,0,1
T101487,C1342,1849.67,3,2,470,0,1,temporary_failure,0,1
T101488,C1476,1247.4,5,1,1467,1,0,expired_method,0,1
T101489,C1063,1374.83,5,3,1374,1,0,technical_error,1,1
T101490,C1701,887.95,1,0,1491,0,1,checkout_abandoned,0,1
T101491,C1360,1381.73,1,2,100,0,0,technical_error,1,0
T101492,C1561,863.57,4,0,298,1,1,insufficient_funds,0,1
T101493,C1327,2847.63,4,1,803,0,1,expired_method,0,1
T101494,C1769,374.42,4,1,1306,1,1,technical_error,0,1
T101495,C1736,1921.36,3,1,1014,1,1,expired_method,0,1
T101496,C1141,1724.06,9,0,600,0,0,temporary_failure,1,1
T101497,C1215,1610.84,2,1,565,0,1,checkout_abandoned,1,1
T101498,C1435,2888.16,11,3,592,1,0,temporary_failure,0,1
T101499,C1891,1080.75,4,0,557,1,0,checkout_abandoned,1,1
T101500,C1723,1622.26,6,0,567,0,0,temporary_failure,0,1
T101501,C1318,369.66,3,0,955,0,1,temporary_failure,0,1
T101502,C1032,980.94,4,1,233,0,1,insufficient_funds,0,1
T101503,C1670,2544.79,3,0,780,1,1,temporary_failure,0,1
T101504,C1285,490.6,2,1,1058,0,0,technical_error,1,1
T101505,C1305,1509.91,5,2,686,0,0,checkout_abandoned,0,1
T101506,C1429,805.82,2,1,173,1,1,expired_method,0,1
T101507,C1477,1232.45,5,3,300,0,1,authentication_failure,0,1
T101508,C1286,842.81,7,2,54,1,0,checkout_abandoned,0,1
T101509,C1144,525.63,7,1,377,1,1,checkout_abandoned,0,1
T101510,C1424,1789.16,5,4,1244,0,0,expired_method,1,1
T101511,C1019,1290.52,3,1,746,0,1,technical_error,0,1
T101512,C1018,2120.64,7,1,155,0,0,technical_error,0,1
T101513,C1769,2430.44,6,1,932,0,1,temporary_failure,0,1
T101514,C1590,3357.47,5,1,359,1,1,technical_error,0,1
T101515,C1371,1480.47,5,1,808,0,1,checkout_abandoned,0,1
T101516,C1175,3468.46,6,2,844,0,0,technical_error,0,1
T101517,C1194,644.3,4,0,1439,0,1,insufficient_funds,1,1
T101518,C1502,2648.42,5,1,957,0,1,authentication_failure,0,1
T101519,C1113,1890.4,3,0,1043,0,1,expired_method,0,1
T101520,C1114,1595.3,4,2,529,1,0,checkout_abandoned,0,1
T101521,C1222,1869.73,5,3,1067,0,1,authentication_failure,0,1
T101522,C1678,651.61,3,2,243,0,1,insufficient_funds,1,0
T101523,C1831,545.9,6,0,1214,1,1,authentication_failure,0,1
T101524,C1644,4828.89,4,1,533,1,1,insufficient_funds,0,1
T101525,C1897,1180.22,4,3,759,0,1,checkout_abandoned,1,0
T101526,C1264,1167.66,3,0,962,0,1,technical_error,0,1
T101527,C1055,585.97,1,0,395,0,0,checkout_abandoned,1,1
T101528,C1871,440.83,8,2,282,0,1,expired_method,0,1
T101529,C1643,1253.58,4,3,853,1,1,technical_error,0,1
T101530,C1800,1036.71,4,1,336,0,1,authentication_failure,0,1
T101531,C1778,1341.17,7,0,344,1,1,expired_method,0,1
T101532,C1458,1429.91,4,1,523,1,1,temporary_failure,0,1
T101533,C1878,8665.42,4,1,36,1,0,technical_error,1,1
T101534,C1162,1039.05,9,2,674,0,1,authentication_failure,0,1
T101535,C1380,4380.66,9,3,149,0,0,expired_method,0,1
T101536,C1087,4589.46,9,0,104,0,1,insufficient_funds,0,1
T101537,C1055,2357.17,3,2,177,1,1,expired_method,0,1
T101538,C1476,1122.88,6,1,37,0,0,technical_error,0,1
T101539,C1800,482.46,8,3,593,0,1,insufficient_funds,0,1
T101540,C1178,1916.89,5,1,1023,0,1,insufficient_funds,0,1
T101541,C1391,2875.87,7,1,317,0,1,checkout_abandoned,0,1
T101542,C1349,4967.97,9,0,1431,1,0,expired_method,0,1
T101543,C1008,656.9,2,1,143,1,1,temporary_failure,0,1
T101544,C1833,1115.83,7,1,795,1,0,checkout_abandoned,0,1
T101545,C1313,659.91,7,1,1326,1,1,technical_error,0,1
T101546,C1759,832.88,2,2,713,0,1,temporary_failure,0,1
T101547,C1835,2204.58,5,3,504,0,1,technical_error,1,0
T101548,C1443,804.74,10,2,364,0,1,insufficient_funds,0,1
T101549,C1767,721.84,5,0,556,0,1,expired_method,0,1
T101550,C1328,2435.11,7,1,647,0,1,temporary_failure,0,1
T101551,C1054,1878.17,3,1,1050,1,0,temporary_failure,0,1
T101552,C1761,1741.51,3,1,119,1,1,expired_method,0,1
T101553,C1239,820.85,5,1,19,1,0,temporary_failure,0,1
T101554,C1229,3532.52,4,3,572,0,0,temporary_failure,0,1
T101555,C1579,1354.07,5,1,1145,0,1,checkout_abandoned,0,1
T101556,C1051,7983.58,6,2,858,1,1,authentication_failure,0,1
T101557,C1609,1511.53,5,0,758,1,1,checkout_abandoned,0,1
T101558,C1604,232.76,4,1,1353,0,1,temporary_failure,0,1
T101559,C1264,225.11,4,3,1322,0,1,temporary_failure,1,1
T101560,C1418,2138.72,7,1,618,0,1,insufficient_funds,0,1
T101561,C1803,3552.37,3,1,475,1,1,expired_method,0,1
T101562,C1096,744.07,4,1,1413,0,0,checkout_abandoned,0,1
T101563,C1088,6475.2,6,3,186,0,1,insufficient_funds,0,1
T101564,C1078,4662.23,3,1,1397,1,1,technical_error,0,1
T101565,C1288,1568.55,4,2,1160,1,1,temporary_failure,0,1
T101566,C1120,2007.39,2,1,1296,0,1,expired_method,0,1
T101567,C1814,2619.92,7,2,995,0,0,insufficient_funds,0,1
T101568,C1491,5527.53,7,0,889,1,1,temporary_failure,0,1
T101569,C1452,2234.12,5,0,970,0,1,authentication_failure,0,1
T101570,C1500,1542.17,3,3,904,0,0,temporary_failure,1,1
T101571,C1165,2217.7,4,2,1479,1,1,checkout_abandoned,0,1
T101572,C1182,2004.24,7,1,1492,1,1,temporary_failure,0,1
T101573,C1469,2679.29,5,0,275,0,1,technical_error,0,1
T101574,C1735,412.6,4,1,1320,1,1,temporary_failure,0,1
T101575,C1823,1697.46,4,3,34,0,0,insufficient_funds,0,1
T101576,C1007,1891.89,6,0,1218,1,1,temporary_failure,0,1
T101577,C1330,1268.21,1,2,1098,1,1,temporary_failure,1,1
T101578,C1775,2411.79,6,1,436,1,1,checkout_abandoned,0,1
T101579,C1673,5658.28,10,2,1164,1,1,checkout_abandoned,0,1
T101580,C1151,1485.73,2,1,832,1,1,checkout_abandoned,0,1
T101581,C1085,2250.24,6,3,1337,1,1,insufficient_funds,0,1
T101582,C1147,4468.01,4,0,464,0,1,technical_error,0,1
T101583,C1624,1511.98,4,3,756,0,1,expired_method,0,1
T101584,C1381,687.91,6,0,1146,0,1,expired_method,0,1
T101585,C1548,2125.65,5,0,581,0,0,technical_error,0,1
T101586,C1285,256.92,2,0,535,0,1,technical_error,0,1
T101587,C1700,238.94,5,0,96,0,1,authentication_failure,0,1
T101588,C1082,1719.45,3,0,1047,1,1,temporary_failure,0,1
T101589,C1514,230.74,2,2,402,0,1,expired_method,0,1
T101590,C1897,499.51,4,0,694,0,0,insufficient_funds,0,1
T101591,C1815,1007.2,4,4,523,0,1,checkout_abandoned,0,1
T101592,C1709,779.72,2,2,765,0,1,temporary_failure,0,1
T101593,C1523,1198.88,6,4,169,1,1,authentication_failure,1,1
T101594,C1746,3086.07,6,3,1325,0,1,temporary_failure,0,1
T101595,C1386,1601.76,4,1,227,0,1,checkout_abandoned,0,1
T101596,C1707,713.73,6,0,1454,1,1,insufficient_funds,0,1
T101597,C1471,3699.05,2,0,792,0,0,technical_error,0,1
T101598,C1119,458.68,3,0,555,0,1,checkout_abandoned,0,1
T101599,C1396,1581.95,1,0,49,0,1,insufficient_funds,0,1
T101600,C1532,421.97,4,0,35,1,0,temporary_failure,0,1
T101601,C1261,1618.47,5,1,500,1,1,insufficient_funds,0,1
T101602,C1805,1054.72,4,0,1430,1,1,temporary_failure,0,1
T101603,C1256,3015.97,6,2,1058,0,1,technical_error,0,1
T101604,C1734,2299.66,4,2,208,0,1,expired_method,1,0
T101605,C1226,862.34,5,3,380,0,1,technical_error,0,1
T101606,C1053,746.8,6,0,100,0,1,expired_method,0,1
T101607,C1867,1057.52,3,0,408,0,1,expired_method,0,1
T101608,C1500,5468.06,4,1,469,0,1,expired_method,0,1
T101609,C1506,4511.12,8,1,566,1,1,checkout_abandoned,0,1
T101610,C1854,647.94,4,1,234,1,1,insufficient_funds,0,1
T101611,C1364,2441.01,7,0,798,0,1,temporary_failure,0,1
T101612,C1280,365.56,4,2,98,1,1,temporary_failure,0,1
T101613,C1593,957.66,5,1,1329,1,1,expired_method,0,1
T101614,C1714,668.03,2,0,1208,1,0,expired_method,0,1
T101615,C1158,2986.81,9,1,1375,0,1,technical_error,0,1
T101616,C1632,508.75,1,0,582,1,0,insufficient_funds,0,1
T101617,C1059,1848.28,5,0,1303,1,0,temporary_failure,0,1
T101618,C1727,1340.14,4,1,721,1,0,temporary_failure,0,1
T101619,C1128,1174.28,3,1,353,1,1,temporary_failure,0,1
T101620,C1736,4692.34,7,2,1208,0,1,checkout_abandoned,0,1
T101621,C1721,5012.92,4,1,479,0,1,checkout_abandoned,0,1
T101622,C1882,1201.96,3,1,921,1,0,checkout_abandoned,1,1
T101623,C1115,1033.35,6,0,848,0,1,checkout_abandoned,0,1
T101624,C1209,432.61,4,1,795,0,1,expired_method,0,1
T101625,C1526,1335.16,3,0,1028,0,1,technical_error,0,1
T101626,C1521,5796.31,6,4,1056,1,0,temporary_failure,0,1
T101627,C1552,1216.15,6,0,547,0,1,checkout_abandoned,1,1
T101628,C1237,2313.62,3,2,239,1,1,temporary_failure,0,1
T101629,C1281,469.6,6,4,139,1,1,expired_method,0,1
T101630,C1359,966.73,6,1,1183,0,0,insufficient_funds,1,1
T101631,C1201,1894.76,2,3,636,1,1,temporary_failure,0,1
T101632,C1758,1450.11,8,0,175,0,0,expired_method,0,1
T101633,C1278,2486.17,3,1,1282,0,0,expired_method,0,1
T101634,C1235,852.35,10,0,691,1,0,authentication_failure,0,1
T101635,C1494,360.51,4,2,584,0,1,checkout_abandoned,0,1
T101636,C1004,3107.48,4,1,1306,0,1,temporary_failure,0,1
T101637,C1666,663.74,3,0,252,0,1,temporary_failure,0,1
T101638,C1442,1958.54,8,2,377,1,1,checkout_abandoned,0,1
T101639,C1029,1878.34,7,0,708,0,1,insufficient_funds,1,1
T101640,C1109,384.59,8,0,636,0,1,insufficient_funds,1,1
T101641,C1610,2942.0,3,1,267,1,1,technical_error,0,1
T101642,C1727,875.74,6,0,1368,0,1,insufficient_funds,0,1
T101643,C1805,1395.89,6,0,216,0,1,temporary_failure,1,1
T101644,C1075,1023.89,7,1,1141,1,0,authentication_failure,0,1
T101645,C1838,4523.06,3,0,265,1,1,checkout_abandoned,0,1
T101646,C1146,3668.79,8,0,256,1,1,insufficient_funds,0,1
T101647,C1128,344.04,8,1,1259,1,1,authentication_failure,0,1
T101648,C1853,7288.99,5,1,187,0,1,insufficient_funds,0,1
T101649,C1042,805.34,11,2,1176,1,1,insufficient_funds,0,1
T101650,C1356,6482.28,2,0,1179,0,1,temporary_failure,0,1
T101651,C1041,1105.27,3,4,1110,0,1,temporary_failure,0,1
T101652,C1034,1037.23,4,0,47,0,1,insufficient_funds,0,1
T101653,C1017,1112.65,4,0,401,1,1,expired_method,0,1
T101654,C1677,991.69,8,3,601,0,1,checkout_abandoned,1,1
T101655,C1153,8895.47,4,2,669,0,1,temporary_failure,0,1
T101656,C1378,1264.87,9,1,1477,0,0,temporary_failure,1,1
T101657,C1588,1067.72,8,1,803,0,0,temporary_failure,0,1
T101658,C1599,1419.07,4,3,940,1,1,authentication_failure,0,1
T101659,C1629,648.39,7,0,130,0,1,authentication_failure,0,1
T101660,C1874,4437.47,2,0,346,1,0,authentication_failure,1,0
T101661,C1342,444.38,6,2,693,1,0,temporary_failure,0,1
T101662,C1027,845.13,7,0,144,1,1,insufficient_funds,1,1
T101663,C1825,2704.02,5,1,1269,1,1,checkout_abandoned,0,1
T101664,C1287,1382.66,8,0,1068,0,1,authentication_failure,0,1
T101665,C1646,2022.14,5,0,1045,0,1,insufficient_funds,1,1
T101666,C1731,4229.64,6,0,1410,1,1,temporary_failure,0,1
T101667,C1168,2843.67,3,0,378,1,1,technical_error,0,1
T101668,C1610,1484.91,5,1,1074,0,0,insufficient_funds,0,1
T101669,C1268,6418.93,5,0,63,1,0,technical_error,0,1
T101670,C1749,836.1,3,1,1162,0,1,insufficient_funds,0,1
T101671,C1821,1242.36,7,0,290,0,1,expired_method,0,1
T101672,C1455,1309.2,5,1,1369,0,0,expired_method,0,1
T101673,C1685,1240.39,6,4,258,0,1,insufficient_funds,0,1
T101674,C1401,600.7,3,3,1030,0,0,authentication_failure,0,1
T101675,C1476,408.41,5,1,899,0,1,checkout_abandoned,0,1
T101676,C1702,1831.52,4,4,596,0,0,expired_method,0,1
T101677,C1634,832.88,2,4,366,1,1,temporary_failure,0,1
T101678,C1558,5601.87,5,1,496,0,1,temporary_failure,0,1
T101679,C1576,1268.5,6,1,1420,0,1,technical_error,1,1
T101680,C1130,1109.19,3,3,1409,1,0,temporary_failure,1,1
T101681,C1822,3043.47,6,0,1078,0,1,expired_method,0,1
T101682,C1363,1811.02,6,0,1468,1,1,insufficient_funds,0,1
T101683,C1705,1174.22,4,0,541,1,1,insufficient_funds,0,1
T101684,C1819,828.36,5,2,766,0,0,technical_error,1,1
T101685,C1693,20811.82,3,2,992,0,1,temporary_failure,0,1
T101686,C1292,1756.96,3,3,216,0,1,temporary_failure,0,1
T101687,C1371,3020.94,4,0,1149,1,1,expired_method,0,1
T101688,C1794,621.91,3,1,688,1,1,insufficient_funds,0,1
T101689,C1029,868.28,5,2,294,0,1,expired_method,0,1
T101690,C1149,6530.63,7,0,947,0,1,expired_method,0,1
T101691,C1779,3818.83,5,3,105,0,1,technical_error,0,1
T101692,C1296,1887.89,6,1,833,1,1,checkout_abandoned,0,1
T101693,C1011,1006.08,1,0,892,0,1,checkout_abandoned,0,1
T101694,C1512,1123.8,2,2,519,1,1,checkout_abandoned,0,1
T101695,C1676,806.67,7,0,1297,1,0,temporary_failure,0,1
T101696,C1113,562.48,10,2,835,1,1,temporary_failure,1,1
T101697,C1187,2678.15,4,2,70,1,0,checkout_abandoned,0,1
T101698,C1807,2006.45,6,1,1162,0,1,authentication_failure,0,1
T101699,C1744,2326.36,6,4,98,1,1,authentication_failure,0,1
T101700,C1227,1040.36,6,2,1111,1,1,checkout_abandoned,0,1
T101701,C1310,1622.51,8,0,79,0,1,technical_error,1,1
T101702,C1098,968.71,4,1,694,0,0,authentication_failure,0,1
T101703,C1055,776.28,9,0,402,0,1,expired_method,0,1
T101704,C1623,4676.46,3,4,633,1,0,temporary_failure,0,1
T101705,C1664,1467.23,7,2,1418,1,1,insufficient_funds,1,1
T101706,C1758,1959.79,6,4,1490,1,1,checkout_abandoned,0,1
T101707,C1406,2506.93,6,1,1185,1,1,expired_method,0,1
T101708,C1069,1481.09,4,1,1264,0,1,temporary_failure,0,1
T101709,C1312,1604.35,5,3,475,1,1,technical_error,0,1
T101710,C1289,592.9,3,0,1031,1,1,insufficient_funds,0,1
T101711,C1762,683.97,6,1,441,0,0,temporary_failure,0,1
T101712,C1548,657.96,4,0,944,1,1,temporary_failure,1,1
T101713,C1751,2109.26,3,3,283,0,1,technical_error,0,1
T101714,C1148,1412.57,1,1,1138,1,0,checkout_abandoned,0,1
T101715,C1467,684.01,2,0,1381,0,1,authentication_failure,0,1
T101716,C1739,2069.52,4,1,1341,1,1,insufficient_funds,0,1
T101717,C1244,2013.42,5,0,1291,0,1,technical_error,0,1
T101718,C1491,795.34,8,1,1390,0,1,expired_method,1,1
T101719,C1849,1311.77,8,0,242,0,0,insufficient_funds,0,1
T101720,C1507,2019.0,2,3,1197,0,1,temporary_failure,0,1
T101721,C1365,703.62,2,2,1337,0,0,insufficient_funds,0,1
T101722,C1482,2048.1,3,1,894,0,1,expired_method,0,1
T101723,C1201,1678.69,5,4,865,1,1,technical_error,0,1
T101724,C1154,633.08,6,1,812,0,1,expired_method,0,1
T101725,C1450,1579.47,6,2,719,0,1,checkout_abandoned,1,1
T101726,C1501,1762.06,4,1,858,1,0,checkout_abandoned,0,1
T101727,C1073,837.57,5,3,1105,1,1,temporary_failure,1,1
T101728,C1713,888.5,4,0,163,0,1,technical_error,0,1
T101729,C1296,628.72,5,2,1320,0,1,authentication_failure,0,1
T101730,C1017,956.47,8,2,263,0,1,authentication_failure,0,1
T101731,C1641,1327.35,5,1,701,0,1,temporary_failure,0,1
T101732,C1217,890.34,9,0,1477,0,0,authentication_failure,0,1
T101733,C1061,439.81,4,0,17,1,1,temporary_failure,1,1
T101734,C1616,799.16,8,3,1222,0,1,temporary_failure,0,1
T101735,C1042,979.49,2,2,44,0,0,temporary_failure,1,0
T101736,C1025,2471.62,3,2,811,0,1,expired_method,0,1
T101737,C1039,2092.41,2,0,1171,1,0,checkout_abandoned,1,1
T101738,C1803,2507.81,2,1,1141,1,1,checkout_abandoned,0,1
T101739,C1131,769.5,4,3,1341,1,1,temporary_failure,1,1
T101740,C1498,1489.45,4,2,149,1,1,checkout_abandoned,0,1
T101741,C1229,217.61,7,2,1394,0,1,insufficient_funds,0,1
T101742,C1108,1847.69,4,0,164,1,1,temporary_failure,1,0
T101743,C1172,2117.89,7,0,668,1,1,expired_method,0,1
T101744,C1435,1028.94,7,2,322,0,1,checkout_abandoned,0,1
T101745,C1478,1671.66,8,1,1251,1,1,checkout_abandoned,0,1
T101746,C1102,430.01,5,1,575,0,0,temporary_failure,0,1
T101747,C1866,734.51,5,1,1256,1,1,temporary_failure,0,1
T101748,C1524,2378.17,2,5,1399,0,1,expired_method,0,1
T101749,C1275,1965.38,3,1,710,0,1,checkout_abandoned,0,1
T101750,C1613,983.49,2,1,411,0,1,technical_error,0,1
T101751,C1044,2461.49,4,2,742,1,1,insufficient_funds,1,0
T101752,C1817,1485.82,5,1,1380,0,1,temporary_failure,0,1
T101753,C1017,917.67,5,2,393,0,1,insufficient_funds,0,1
T101754,C1330,1167.8,3,2,861,1,1,technical_error,0,1
T101755,C1569,951.88,5,2,670,1,1,technical_error,0,1
T101756,C1823,551.24,8,0,1140,0,1,technical_error,0,1
T101757,C1497,3437.55,6,1,792,0,0,authentication_failure,0,1
T101758,C1815,874.79,6,1,1375,1,1,insufficient_funds,1,0
T101759,C1012,717.47,3,2,352,1,1,technical_error,0,1
T101760,C1318,425.38,5,0,1357,1,1,technical_error,0,1
T101761,C1592,185.49,4,1,865,1,1,temporary_failure,0,1
T101762,C1216,2266.8,4,1,585,0,1,checkout_abandoned,0,1
T101763,C1339,2428.93,1,1,791,1,1,technical_error,0,1
T101764,C1776,3277.31,8,4,512,0,1,technical_error,0,1
T101765,C1661,1197.77,5,0,575,0,1,checkout_abandoned,0,1
T101766,C1081,1052.06,7,0,1348,0,1,insufficient_funds,0,1
T101767,C1727,915.26,7,3,649,1,0,checkout_abandoned,0,1
T101768,C1485,980.03,2,1,1220,0,1,insufficient_funds,0,1
T101769,C1374,3102.13,5,2,832,1,1,expired_method,0,1
T101770,C1710,1313.06,6,0,1460,0,1,expired_method,0,1
T101771,C1200,1778.55,6,1,701,1,0,insufficient_funds,0,1
T101772,C1537,961.5,0,0,668,0,1,insufficient_funds,0,1
T101773,C1466,3607.02,5,1,193,1,1,insufficient_funds,0,1
T101774,C1089,321.0,7,1,483,1,1,expired_method,0,1
T101775,C1268,536.25,5,1,1213,0,0,authentication_failure,0,1
T101776,C1655,1780.74,4,0,1333,1,1,authentication_failure,0,1
T101777,C1571,4978.87,6,1,106,1,1,checkout_abandoned,0,1
T101778,C1489,1131.36,3,4,345,0,1,authentication_failure,0,1
T101779,C1877,712.1,2,3,1214,0,1,checkout_abandoned,0,1
T101780,C1538,2836.98,3,0,1474,1,1,temporary_failure,0,1
T101781,C1047,1707.48,3,2,412,0,1,temporary_failure,0,1
T101782,C1288,3525.09,9,1,1495,0,1,temporary_failure,0,1
T101783,C1778,508.89,6,3,245,1,1,checkout_abandoned,0,1
T101784,C1016,3323.43,4,1,615,0,1,insufficient_funds,0,1
T101785,C1711,419.33,4,3,232,1,1,insufficient_funds,0,1
T101786,C1401,1079.09,6,2,925,0,1,checkout_abandoned,0,1
T101787,C1794,1825.46,5,1,632,0,1,temporary_failure,0,1
T101788,C1086,1539.96,4,0,1296,1,1,temporary_failure,0,1
T101789,C1250,2967.41,6,2,71,1,1,expired_method,0,1
T101790,C1391,340.36,4,0,1262,0,0,expired_method,0,1
T101791,C1782,1488.84,8,2,248,0,1,expired_method,0,1
T101792,C1335,3293.58,4,0,567,0,1,technical_error,0,1
T101793,C1629,1400.34,0,0,765,1,1,insufficient_funds,1,1
T101794,C1519,568.64,3,1,616,0,0,authentication_failure,0,1
T101795,C1137,2851.59,6,4,394,0,0,authentication_failure,0,1
T101796,C1883,823.67,6,1,952,1,1,expired_method,0,1
T101797,C1688,721.81,5,1,372,1,1,technical_error,0,1
T101798,C1840,656.81,7,1,1174,1,1,technical_error,0,1
T101799,C1498,1154.0,4,3,581,0,1,checkout_abandoned,0,1
T101800,C1827,1536.55,5,3,986,0,1,temporary_failure,0,1
T101801,C1727,517.07,4,2,969,0,1,technical_error,0,1
T101802,C1477,603.21,6,2,1485,1,1,temporary_failure,0,1
T101803,C1594,795.63,11,0,1088,0,0,authentication_failure,0,1
T101804,C1223,654.43,5,2,1140,0,1,insufficient_funds,1,1
T101805,C1372,1376.87,4,2,296,0,1,temporary_failure,0,1
T101806,C1402,1756.21,3,0,1386,1,1,technical_error,0,1
T101807,C1443,1584.31,6,1,1246,1,1,technical_error,1,1
T101808,C1490,1586.05,2,0,910,1,1,technical_error,0,1
T101809,C1615,4690.26,5,1,896,0,0,temporary_failure,1,1
T101810,C1273,1840.45,3,0,703,1,0,expired_method,0,1
T101811,C1526,2411.43,5,1,190,0,1,technical_error,0,1
T101812,C1159,981.46,8,1,1198,0,1,temporary_failure,0,1
T101813,C1152,2718.96,4,1,1129,1,1,authentication_failure,0,1
T101814,C1620,946.94,7,2,1474,0,0,insufficient_funds,0,1
T101815,C1188,1823.63,8,1,1036,0,1,temporary_failure,0,1
T101816,C1813,478.89,11,1,1238,1,1,technical_error,0,1
T101817,C1098,1517.28,4,3,404,0,1,temporary_failure,0,1
T101818,C1131,644.49,3,0,307,0,1,authentication_failure,0,1
T101819,C1805,2702.75,9,2,704,1,1,expired_method,1,1
T101820,C1171,2583.52,6,2,1199,0,1,insufficient_funds,0,1
T101821,C1183,943.91,4,0,918,0,1,temporary_failure,0,1
T101822,C1364,6230.31,6,0,1375,1,1,authentication_failure,1,1
T101823,C1039,1080.95,6,3,1435,0,1,technical_error,0,1
T101824,C1527,399.81,2,0,149,0,1,checkout_abandoned,0,1
T101825,C1888,746.7,10,0,1277,0,0,authentication_failure,0,1
T101826,C1497,612.1,5,2,1336,0,1,checkout_abandoned,0,1
T101827,C1516,1780.59,5,0,759,1,1,checkout_abandoned,0,1
T101828,C1349,530.32,3,1,1244,1,1,insufficient_funds,0,1
T101829,C1397,893.9,5,0,1372,0,0,insufficient_funds,0,1
T101830,C1722,1695.81,6,1,19,0,0,technical_error,0,1
T101831,C1161,1486.21,7,4,906,0,1,authentication_failure,0,1
T101832,C1016,1326.79,4,1,962,0,1,temporary_failure,0,1
T101833,C1493,1472.18,1,1,80,1,1,checkout_abandoned,0,1
T101834,C1426,1014.47,6,0,1152,0,1,temporary_failure,0,1
T101835,C1108,402.3,10,1,916,1,0,checkout_abandoned,0,1
T101836,C1894,994.63,4,2,1470,0,1,checkout_abandoned,0,1
T101837,C1450,1903.71,4,0,136,1,0,checkout_abandoned,0,1
T101838,C1311,1208.7,9,0,269,0,1,temporary_failure,0,1
T101839,C1739,1796.54,6,1,237,1,1,technical_error,0,1
T101840,C1170,862.57,5,1,454,1,0,authentication_failure,0,1
T101841,C1546,2823.56,11,1,787,0,1,checkout_abandoned,0,1
T101842,C1414,196.91,5,2,1248,1,0,insufficient_funds,0,1
T101843,C1251,1489.33,6,3,1422,1,0,expired_method,0,1
T101844,C1759,3683.65,6,2,249,0,1,expired_method,0,1
T101845,C1781,4118.62,2,1,389,0,1,temporary_failure,0,1
T101846,C1141,1125.67,7,1,341,0,1,insufficient_funds,0,1
T101847,C1274,495.39,3,0,935,0,1,temporary_failure,0,1
T101848,C1416,3732.58,1,1,426,0,0,insufficient_funds,0,1
T101849,C1608,1288.33,5,3,174,0,1,authentication_failure,0,1
T101850,C1739,1188.89,4,0,859,1,0,insufficient_funds,0,1
T101851,C1891,685.64,7,2,1229,1,0,temporary_failure,0,1
T101852,C1039,524.57,4,2,248,0,0,insufficient_funds,0,1
T101853,C1814,2044.48,4,2,288,0,0,technical_error,0,1
T101854,C1029,2213.66,4,0,79,1,1,insufficient_funds,0,1
T101855,C1477,1558.0,2,2,28,0,1,expired_method,0,1
T101856,C1318,755.19,6,0,247,1,0,authentication_failure,1,0
T101857,C1245,602.6,4,3,920,0,1,authentication_failure,0,1
T101858,C1748,457.52,7,3,1406,1,0,temporary_failure,0,1
T101859,C1697,879.71,4,0,1273,0,1,expired_method,0,1
T101860,C1272,629.93,5,2,1375,1,1,insufficient_funds,1,1
T101861,C1440,371.67,6,1,1449,0,1,expired_method,0,1
T101862,C1748,2183.12,6,0,1368,0,0,expired_method,1,1
T101863,C1239,498.05,6,1,1348,0,1,insufficient_funds,0,1
T101864,C1377,2801.59,6,2,79,0,1,expired_method,0,1
T101865,C1266,1800.02,4,0,207,0,1,expired_method,0,1
T101866,C1359,1670.3,4,1,1026,0,1,checkout_abandoned,0,1
T101867,C1340,4670.31,9,1,1295,0,1,insufficient_funds,0,1
T101868,C1389,510.63,4,2,853,1,1,technical_error,0,1
T101869,C1577,2579.44,9,2,203,1,0,technical_error,0,1
T101870,C1689,1071.45,4,1,141,1,0,technical_error,1,1
T101871,C1003,9212.37,5,1,384,0,1,expired_method,0,1
T101872,C1429,1006.67,4,0,1103,0,1,insufficient_funds,0,1
T101873,C1142,891.82,6,1,776,1,1,insufficient_funds,0,1
T101874,C1376,1843.0,5,3,755,0,1,technical_error,0,1
T101875,C1670,1145.18,3,0,1478,1,1,insufficient_funds,0,1
T101876,C1324,758.36,7,2,380,1,1,expired_method,0,1
T101877,C1146,646.97,7,0,1473,0,1,insufficient_funds,0,1
T101878,C1293,3998.42,4,1,239,0,1,temporary_failure,0,1
T101879,C1665,559.7,6,1,1175,1,1,checkout_abandoned,0,1
T101880,C1432,1583.38,2,2,1116,1,1,insufficient_funds,0,1
T101881,C1705,2957.61,3,0,764,0,0,authentication_failure,0,1
T101882,C1585,3066.74,7,1,1471,0,0,temporary_failure,0,1
T101883,C1399,853.0,6,1,1499,1,1,insufficient_funds,0,1
T101884,C1817,1147.52,5,2,963,0,1,insufficient_funds,0,1
T101885,C1889,992.13,4,1,1361,0,1,authentication_failure,0,1
T101886,C1344,423.58,3,0,933,1,1,checkout_abandoned,0,1
T101887,C1140,2004.48,7,2,1246,1,1,checkout_abandoned,0,1
T101888,C1187,1378.67,4,1,192,0,1,insufficient_funds,0,1
T101889,C1805,3945.93,7,1,364,0,1,technical_error,1,1
T101890,C1061,722.41,6,0,979,1,1,expired_method,0,1
T101891,C1380,3030.62,4,0,574,0,1,insufficient_funds,0,1
T101892,C1710,3195.27,7,1,1253,0,0,authentication_failure,0,1
T101893,C1807,1387.56,3,0,1004,1,0,insufficient_funds,0,1
T101894,C1440,262.92,6,0,37,0,0,expired_method,1,0
T101895,C1319,911.94,4,0,823,1,1,temporary_failure,1,1
T101896,C1302,5112.29,5,1,1210,1,1,authentication_failure,0,1
T101897,C1344,1673.7,4,1,1412,1,1,temporary_failure,0,1
T101898,C1011,2253.07,3,1,460,1,1,temporary_failure,0,1
T101899,C1062,1252.79,5,1,496,0,0,temporary_failure,0,1
T101900,C1845,1132.77,5,1,1282,1,1,authentication_failure,0,1
T101901,C1226,330.13,5,1,216,1,1,temporary_failure,0,1
T101902,C1153,2430.99,4,0,1277,1,1,technical_error,0,1
T101903,C1711,3010.2,3,0,688,1,0,checkout_abandoned,0,1
T101904,C1564,656.45,4,1,223,1,1,expired_method,0,1
T101905,C1772,1171.29,8,1,1117,0,0,authentication_failure,0,1
T101906,C1571,1058.59,7,2,36,0,1,temporary_failure,0,1
T101907,C1584,1835.58,3,3,1068,0,0,checkout_abandoned,1,1
T101908,C1660,890.45,4,1,824,0,1,expired_method,1,1
T101909,C1861,2693.25,3,1,829,0,1,temporary_failure,0,1
T101910,C1575,1413.03,6,2,78,0,1,checkout_abandoned,0,1
T101911,C1310,197.93,4,2,203,1,1,expired_method,0,1
T101912,C1885,1866.91,6,2,306,0,1,insufficient_funds,0,1
T101913,C1243,2827.83,2,2,566,0,1,checkout_abandoned,0,1
T101914,C1493,564.51,5,1,1309,1,0,checkout_abandoned,1,0
T101915,C1366,1819.92,7,0,976,0,0,expired_method,1,1
T101916,C1330,5284.16,5,3,301,0,1,technical_error,0,1
T101917,C1107,1456.88,3,1,612,0,1,expired_method,0,1
T101918,C1226,3153.35,5,2,335,0,1,insufficient_funds,0,1
T101919,C1825,961.39,6,0,1185,1,1,authentication_failure,0,1
T101920,C1218,1321.51,3,1,685,1,0,temporary_failure,1,0
T101921,C1753,1148.87,1,1,1166,1,1,authentication_failure,0,1
T101922,C1506,1001.91,5,1,1245,1,1,insufficient_funds,0,1
T101923,C1259,1198.96,3,1,1024,0,1,technical_error,1,0
T101924,C1888,394.25,4,0,190,1,1,expired_method,0,1
T101925,C1774,1045.07,4,1,777,1,1,expired_method,0,1
T101926,C1517,3653.19,7,2,370,1,1,insufficient_funds,0,1
T101927,C1773,650.17,4,1,433,0,1,authentication_failure,1,0
T101928,C1054,602.09,1,2,619,0,1,insufficient_funds,1,0
T101929,C1047,1402.36,4,0,133,0,0,temporary_failure,0,1
T101930,C1727,1455.91,3,3,187,0,1,expired_method,0,1
T101931,C1689,1777.74,6,1,339,1,1,temporary_failure,0,1
T101932,C1521,1229.91,2,2,972,0,1,checkout_abandoned,0,1
T101933,C1099,1413.6,6,0,1259,0,1,technical_error,0,1
T101934,C1020,1029.51,8,1,172,1,1,temporary_failure,0,1
T101935,C1890,514.48,6,1,822,0,1,insufficient_funds,0,1
T101936,C1753,1269.6,10,2,502,0,1,insufficient_funds,0,1
T101937,C1573,2306.41,6,2,887,1,1,insufficient_funds,0,1
T101938,C1891,1970.99,5,0,480,1,1,insufficient_funds,0,1
T101939,C1490,362.06,5,0,1390,1,1,checkout_abandoned,1,1
T101940,C1419,1618.0,2,2,350,1,1,insufficient_funds,1,0
T101941,C1690,685.69,3,1,164,0,1,technical_error,0,1
T101942,C1850,3805.2,2,2,769,0,1,insufficient_funds,0,1
T101943,C1062,1710.78,5,0,1226,0,0,temporary_failure,0,1
T101944,C1145,2623.36,1,1,594,0,0,technical_error,0,1
T101945,C1216,1360.87,5,0,1292,0,0,temporary_failure,0,1
T101946,C1003,1274.69,4,2,1263,0,1,checkout_abandoned,0,1
T101947,C1160,4112.9,3,2,109,0,1,insufficient_funds,0,1
T101948,C1739,2778.26,5,1,235,1,0,checkout_abandoned,0,1
T101949,C1781,1463.22,1,0,1063,0,1,insufficient_funds,0,1
T101950,C1120,1153.15,10,1,744,1,1,temporary_failure,0,1
T101951,C1893,372.27,1,0,1255,0,1,expired_method,0,1
T101952,C1089,1708.59,13,1,1049,1,1,authentication_failure,0,1
T101953,C1329,1218.56,4,1,727,1,0,authentication_failure,0,1
T101954,C1580,2029.34,3,0,467,1,1,technical_error,1,1
T101955,C1357,2548.76,8,2,225,0,1,authentication_failure,1,0
T101956,C1610,3376.82,5,2,621,0,0,expired_method,0,1
T101957,C1267,1724.59,5,2,545,0,1,temporary_failure,1,1
T101958,C1617,611.08,1,0,442,1,1,checkout_abandoned,0,1
T101959,C1323,267.2,1,2,968,0,0,technical_error,0,1
T101960,C1635,721.6,7,1,567,1,1,authentication_failure,1,0
T101961,C1541,3641.37,5,1,249,0,1,insufficient_funds,0,1
T101962,C1649,5258.59,6,1,825,0,1,technical_error,1,1
T101963,C1195,1120.55,6,4,111,0,1,expired_method,1,1
T101964,C1738,447.77,7,1,674,1,1,expired_method,0,1
T101965,C1332,823.6,3,2,1076,1,1,insufficient_funds,0,1
T101966,C1170,3144.32,6,0,1451,0,1,temporary_failure,0,1
T101967,C1521,859.83,6,2,330,1,1,authentication_failure,0,1
T101968,C1463,2083.58,1,2,818,0,1,temporary_failure,0,1
T101969,C1040,1519.93,6,0,422,1,1,expired_method,0,1
T101970,C1537,2281.3,2,1,937,0,1,insufficient_funds,1,0
T101971,C1261,5237.02,7,1,43,1,1,authentication_failure,0,1
T101972,C1395,2084.61,3,1,759,0,1,temporary_failure,0,1
T101973,C1226,1495.46,6,0,454,0,1,expired_method,0,1
T101974,C1124,5688.95,5,0,189,0,1,expired_method,0,1
T101975,C1038,1740.91,8,1,726,0,1,temporary_failure,0,1
T101976,C1328,738.99,3,0,1301,0,1,authentication_failure,0,1
T101977,C1251,2243.07,2,1,978,1,1,expired_method,0,1
T101978,C1176,1873.55,5,0,321,0,0,temporary_failure,0,1
T101979,C1602,1063.24,9,3,15,0,1,checkout_abandoned,0,1
T101980,C1454,908.51,3,1,557,1,0,temporary_failure,1,1
T101981,C1037,1070.95,5,1,647,0,0,technical_error,0,1
T101982,C1316,898.82,3,1,467,0,1,authentication_failure,0,1
T101983,C1688,1097.38,3,3,580,0,1,temporary_failure,0,1
T101984,C1796,711.88,4,0,77,1,0,expired_method,1,1
T101985,C1593,1789.36,6,0,129,1,0,technical_error,0,1
T101986,C1114,1691.55,2,0,973,1,1,authentication_failure,0,1
T101987,C1040,1735.24,4,1,1366,0,1,authentication_failure,0,1
T101988,C1301,1278.22,3,1,857,0,1,authentication_failure,0,1
T101989,C1224,1172.33,1,0,884,1,1,insufficient_funds,1,1
T101990,C1318,3950.13,3,2,956,1,1,temporary_failure,0,1
T101991,C1349,1408.89,4,1,1019,1,1,temporary_failure,0,1
T101992,C1115,3455.85,4,2,355,0,1,authentication_failure,0,1
T101993,C1698,634.41,4,0,1278,0,1,technical_error,0,1
T101994,C1323,2083.66,9,1,1330,0,0,expired_method,1,1
T101995,C1568,771.99,11,2,943,0,1,insufficient_funds,0,1
T101996,C1040,882.61,4,0,637,0,1,technical_error,0,1
T101997,C1866,983.45,4,2,623,0,1,expired_method,0,1
T101998,C1040,938.28,2,2,1393,0,1,expired_method,0,1
T101999,C1859,941.8,5,2,1381,1,1,expired_method,1,1
T102000,C1749,3337.43,6,2,1470,0,1,temporary_failure,0,1
T102001,C1289,1385.84,3,0,284,0,0,insufficient_funds,0,1
T102002,C1262,1585.72,4,1,639,1,1,temporary_failure,0,1
T102003,C1216,950.63,2,3,1098,0,1,temporary_failure,1,1
T102004,C1147,2547.08,6,0,78,0,1,checkout_abandoned,0,1
T102005,C1336,1748.11,8,1,736,1,0,checkout_abandoned,0,1
T102006,C1168,1062.42,6,3,318,0,1,technical_error,0,1
T102007,C1092,408.21,6,1,156,1,1,technical_error,0,1
T102008,C1353,1575.33,6,0,587,0,0,technical_error,0,1
T102009,C1571,2062.68,5,1,517,0,1,temporary_failure,0,1
T102010,C1571,642.82,2,1,185,1,1,expired_method,1,1
T102011,C1816,1073.26,2,2,587,1,0,temporary_failure,0,1
T102012,C1681,2003.94,1,2,210,1,1,expired_method,0,1
T102013,C1781,412.32,5,1,1051,0,0,temporary_failure,1,1
T102014,C1363,823.33,3,3,1369,0,0,authentication_failure,1,0
T102015,C1557,1777.0,6,1,1160,0,1,checkout_abandoned,0,1
T102016,C1345,3067.95,3,2,722,0,1,temporary_failure,0,1
T102017,C1693,6900.4,3,1,1084,0,1,authentication_failure,0,1
T102018,C1170,5819.62,6,2,1184,0,1,temporary_failure,0,1
T102019,C1356,1491.93,8,1,1194,0,1,insufficient_funds,1,0
T102020,C1191,931.53,4,0,197,0,1,expired_method,0,1
T102021,C1667,2676.7,5,1,239,0,0,technical_error,1,1
T102022,C1422,890.97,4,2,964,1,0,technical_error,1,0
T102023,C1700,756.29,6,2,1214,0,1,temporary_failure,0,1
T102024,C1007,1065.34,3,2,855,0,1,technical_error,0,1
T102025,C1133,969.71,5,3,436,0,1,insufficient_funds,0,1
T102026,C1747,1825.25,3,2,1115,1,1,insufficient_funds,0,1
T102027,C1557,852.52,7,0,1437,1,1,insufficient_funds,0,1
T102028,C1826,1427.73,4,1,487,1,0,checkout_abandoned,0,1
T102029,C1761,4430.27,6,2,1066,1,1,expired_method,0,1
T102030,C1031,1467.93,6,0,759,0,1,temporary_failure,0,1
T102031,C1535,4177.87,3,0,602,0,1,insufficient_funds,0,1
T102032,C1426,3299.55,4,1,876,1,1,insufficient_funds,0,1
T102033,C1394,2088.14,11,1,1493,0,1,insufficient_funds,0,1
T102034,C1672,1026.99,7,1,523,0,0,checkout_abandoned,1,0
T102035,C1363,2923.04,3,0,1451,1,1,temporary_failure,1,1
T102036,C1437,1110.45,2,0,341,0,1,technical_error,0,1
T102037,C1670,1337.41,4,2,1449,1,1,technical_error,1,1
T102038,C1551,1715.82,11,1,542,0,1,temporary_failure,0,1
T102039,C1082,1334.05,7,1,14,1,1,expired_method,0,1
T102040,C1356,780.39,4,1,293,1,1,authentication_failure,0,1
T102041,C1258,426.1,4,1,313,1,1,expired_method,0,1
T102042,C1718,2749.98,6,1,873,0,1,insufficient_funds,0,1
T102043,C1589,2054.44,8,1,1230,1,0,expired_method,1,1
T102044,C1524,368.54,4,0,1287,0,1,checkout_abandoned,0,1
T102045,C1295,765.03,7,1,876,0,0,expired_method,0,1
T102046,C1224,1531.95,9,2,847,1,0,insufficient_funds,0,1
T102047,C1525,1866.7,5,1,177,0,1,insufficient_funds,0,1
T102048,C1046,428.87,6,1,15,0,0,technical_error,0,1
T102049,C1667,1252.72,2,0,151,0,1,authentication_failure,0,1
T102050,C1113,2007.69,4,0,384,1,1,temporary_failure,0,1
T102051,C1233,1029.02,4,5,1158,0,0,expired_method,0,1
T102052,C1017,1622.74,8,2,1356,1,1,insufficient_funds,0,1
T102053,C1360,929.21,7,2,404,0,1,checkout_abandoned,1,1
T102054,C1223,2648.89,9,0,1200,0,1,insufficient_funds,0,1
T102055,C1866,735.49,8,1,1057,1,0,authentication_failure,0,1
T102056,C1700,568.75,5,0,118,0,1,checkout_abandoned,1,0
T102057,C1448,1368.81,5,3,219,0,0,temporary_failure,1,1
T102058,C1856,457.08,8,1,616,0,1,checkout_abandoned,0,1
T102059,C1365,276.21,9,0,1235,1,1,checkout_abandoned,0,1
T102060,C1675,3019.36,6,4,1443,1,1,checkout_abandoned,0,1
T102061,C1326,640.23,8,2,806,1,0,technical_error,1,1
T102062,C1467,492.63,4,2,11,0,1,expired_method,1,1
T102063,C1414,728.64,3,2,752,0,1,insufficient_funds,0,1
T102064,C1455,704.52,4,2,775,1,0,expired_method,0,1
T102065,C1586,1204.01,6,3,1144,1,0,expired_method,1,1
T102066,C1233,589.86,8,1,85,1,1,expired_method,0,1
T102067,C1224,1946.21,5,2,221,1,1,technical_error,0,1
T102068,C1831,2174.76,6,2,1266,0,1,temporary_failure,0,1
T102069,C1412,514.79,7,0,196,0,0,temporary_failure,0,1
T102070,C1572,842.55,5,2,1308,1,0,authentication_failure,0,1
T102071,C1335,904.79,10,2,319,0,0,checkout_abandoned,1,1
T102072,C1222,1183.52,2,1,975,0,1,authentication_failure,1,1
T102073,C1037,3016.98,6,4,897,0,1,temporary_failure,1,1
T102074,C1278,3150.24,4,1,220,0,1,insufficient_funds,1,1
T102075,C1196,8726.77,8,1,360,1,0,temporary_failure,0,1
T102076,C1864,244.2,2,0,331,0,0,technical_error,1,1
T102077,C1484,669.67,4,3,216,1,1,technical_error,0,1
T102078,C1242,5221.33,4,1,1123,0,1,temporary_failure,0,1
T102079,C1324,347.05,7,3,667,1,1,authentication_failure,0,1
T102080,C1731,5133.02,8,1,74,1,0,checkout_abandoned,0,1
T102081,C1192,1495.95,5,1,425,0,1,expired_method,0,1
T102082,C1017,1537.79,5,1,1032,0,1,authentication_failure,0,1
T102083,C1524,512.94,4,2,1325,0,1,temporary_failure,0,1
T102084,C1401,954.92,8,1,486,0,1,temporary_failure,0,1
T102085,C1886,4966.81,5,2,1474,0,0,technical_error,1,1
T102086,C1705,1292.38,4,4,379,0,0,authentication_failure,0,1
T102087,C1022,959.7,6,1,682,1,1,checkout_abandoned,0,1
T102088,C1474,1815.81,2,0,752,1,1,insufficient_funds,0,1
T102089,C1120,1159.61,6,0,663,0,0,temporary_failure,0,1
T102090,C1210,1735.17,7,1,441,0,1,expired_method,0,1
T102091,C1306,708.18,4,1,248,1,0,technical_error,1,1
T102092,C1270,1264.13,7,2,302,1,1,temporary_failure,0,1
T102093,C1704,828.15,3,2,246,0,0,temporary_failure,0,1
T102094,C1687,346.2,7,1,654,1,1,expired_method,0,1
T102095,C1285,1922.67,2,3,710,0,1,expired_method,0,1
T102096,C1716,530.95,3,4,334,1,1,temporary_failure,0,1
T102097,C1676,1183.75,5,3,431,1,1,checkout_abandoned,0,1
T102098,C1763,2682.63,4,3,439,0,1,temporary_failure,0,1
T102099,C1227,435.56,5,2,363,0,1,checkout_abandoned,0,1
T102100,C1381,2108.04,6,1,302,0,1,expired_method,0,1
T102101,C1460,1069.71,4,1,804,0,1,insufficient_funds,1,0
T102102,C1007,648.79,7,1,633,0,1,insufficient_funds,0,1
T102103,C1029,6107.01,5,3,1290,0,1,checkout_abandoned,0,1
T102104,C1033,1338.87,7,0,1446,0,1,checkout_abandoned,0,1
T102105,C1646,874.74,7,2,390,0,0,authentication_failure,0,1
T102106,C1879,746.09,3,0,1233,0,1,checkout_abandoned,0,1
T102107,C1079,2593.78,4,2,234,1,1,temporary_failure,0,1
T102108,C1459,846.37,7,1,912,0,1,insufficient_funds,1,0
T102109,C1570,2362.29,6,3,680,1,1,insufficient_funds,0,1
T102110,C1538,1336.94,5,0,1327,1,1,expired_method,0,1
T102111,C1482,3093.76,3,1,529,0,1,insufficient_funds,0,1
T102112,C1430,612.83,6,0,616,0,1,insufficient_funds,0,1
T102113,C1738,680.41,6,1,686,1,1,insufficient_funds,0,1
T102114,C1285,1084.9,6,2,452,0,1,temporary_failure,0,1
T102115,C1516,1154.53,5,1,728,1,0,insufficient_funds,0,1
T102116,C1099,1026.68,3,0,191,0,0,checkout_abandoned,0,1
T102117,C1397,9639.07,4,1,451,1,1,insufficient_funds,0,1
T102118,C1489,6294.52,6,1,617,1,1,insufficient_funds,0,1
T102119,C1039,1676.21,8,3,1315,0,1,technical_error,0,1
T102120,C1271,1831.2,1,1,953,1,0,technical_error,0,1
T102121,C1887,1121.78,3,0,1146,0,1,technical_error,0,1
T102122,C1797,609.5,4,1,276,0,1,temporary_failure,0,1
T102123,C1157,1168.46,8,3,939,0,0,authentication_failure,1,0
T102124,C1075,2388.3,7,2,810,0,1,expired_method,0,1
T102125,C1884,3566.07,5,0,474,1,1,insufficient_funds,0,1
T102126,C1800,2826.46,9,0,1002,0,0,authentication_failure,0,1
T102127,C1130,431.67,3,3,1419,1,1,insufficient_funds,0,1
T102128,C1687,1078.23,9,0,517,0,1,insufficient_funds,0,1
T102129,C1084,445.12,7,2,122,0,1,checkout_abandoned,0,1
T102130,C1022,3218.38,5,1,1350,1,0,authentication_failure,1,1
T102131,C1459,983.1,8,2,141,0,1,checkout_abandoned,0,1
T102132,C1539,1292.93,4,0,934,0,0,technical_error,0,1
T102133,C1707,1919.92,6,2,884,0,1,checkout_abandoned,0,1
T102134,C1849,10663.74,4,1,112,0,1,expired_method,0,1
T102135,C1382,1637.96,5,2,691,0,1,temporary_failure,1,1
T102136,C1748,1120.24,4,1,988,0,1,expired_method,0,1
T102137,C1440,528.06,4,2,1218,0,1,expired_method,0,1
T102138,C1604,3999.72,2,2,75,0,0,checkout_abandoned,0,1
T102139,C1021,1168.85,6,1,144,1,0,temporary_failure,0,1
T102140,C1303,4641.8,8,0,1158,1,1,checkout_abandoned,0,1
T102141,C1869,3069.32,5,2,66,0,0,checkout_abandoned,0,1
T102142,C1084,946.51,9,1,1335,0,0,insufficient_funds,0,1
T102143,C1774,471.44,5,1,799,0,1,expired_method,1,1
T102144,C1659,1643.24,2,4,916,0,1,temporary_failure,0,1
T102145,C1453,844.57,4,0,703,1,1,expired_method,0,1
T102146,C1387,1379.55,5,1,1047,1,0,temporary_failure,0,1
T102147,C1507,2941.83,1,0,908,0,1,checkout_abandoned,0,1
T102148,C1257,387.54,5,1,635,0,1,insufficient_funds,1,1
T102149,C1570,1633.47,4,1,475,0,0,expired_method,0,1
T102150,C1892,2367.75,6,3,1033,1,1,temporary_failure,0,1
T102151,C1527,2455.49,4,1,1475,1,0,insufficient_funds,0,1
T102152,C1162,481.71,3,0,36,0,1,checkout_abandoned,0,1
T102153,C1163,1834.45,5,0,781,0,0,checkout_abandoned,0,1
T102154,C1832,3303.22,4,1,1417,0,1,temporary_failure,0,1
T102155,C1793,1732.68,10,2,329,1,0,technical_error,1,1
T102156,C1792,1228.11,3,0,228,0,1,insufficient_funds,0,1
T102157,C1524,3148.59,4,1,1203,0,0,expired_method,0,1
T102158,C1786,795.73,4,0,1446,0,0,expired_method,1,1
T102159,C1271,425.23,4,0,428,0,1,temporary_failure,0,1
T102160,C1492,1152.34,7,1,1149,0,0,insufficient_funds,0,1
T102161,C1208,2000.76,4,1,615,1,0,checkout_abandoned,0,1
T102162,C1539,2919.6,5,1,78,0,1,insufficient_funds,0,1
T102163,C1584,1993.96,5,0,1320,1,1,technical_error,0,1
T102164,C1060,2507.06,4,3,692,1,0,insufficient_funds,0,1
T102165,C1430,2933.59,9,0,978,0,1,technical_error,0,1
T102166,C1657,1038.43,7,0,470,1,0,checkout_abandoned,1,1
T102167,C1605,1198.76,3,3,1012,0,1,temporary_failure,1,1
T102168,C1309,3517.04,6,2,158,0,0,temporary_failure,0,1
T102169,C1520,540.44,10,0,202,1,1,checkout_abandoned,0,1
T102170,C1591,1847.98,10,0,1266,0,1,expired_method,0,1
T102171,C1027,782.48,2,3,171,0,0,temporary_failure,0,1
T102172,C1686,3057.02,7,2,985,0,1,technical_error,0,1
T102173,C1562,1321.53,4,0,1491,0,1,technical_error,0,1
T102174,C1199,1347.08,7,3,751,0,0,checkout_abandoned,0,1
T102175,C1387,4898.38,2,1,562,0,1,checkout_abandoned,0,1
T102176,C1349,597.63,5,1,171,0,1,temporary_failure,0,1
T102177,C1693,1574.77,4,1,162,1,1,temporary_failure,0,1
T102178,C1536,1170.17,3,0,1474,1,1,authentication_failure,0,1
T102179,C1828,1996.81,5,0,330,0,0,insufficient_funds,1,0
T102180,C1378,5693.03,3,1,1109,0,1,temporary_failure,0,1
T102181,C1899,850.71,5,1,389,0,1,checkout_abandoned,0,1
T102182,C1558,545.64,5,0,772,0,1,insufficient_funds,0,1
T102183,C1527,729.97,4,3,799,0,0,authentication_failure,1,0
T102184,C1153,1124.83,6,2,1471,1,1,insufficient_funds,0,1
T102185,C1734,1405.53,4,1,710,0,1,temporary_failure,1,1
T102186,C1206,1459.57,4,2,1159,0,1,authentication_failure,0,1
T102187,C1455,5177.08,5,1,761,1,1,checkout_abandoned,0,1
T102188,C1273,4530.69,5,1,950,1,0,temporary_failure,1,1
T102189,C1894,3558.91,5,1,1233,0,1,technical_error,0,1
T102190,C1236,8829.28,4,2,1258,0,1,temporary_failure,0,1
T102191,C1852,2485.11,2,2,590,1,1,insufficient_funds,0,1
T102192,C1740,3075.63,5,1,1225,0,1,insufficient_funds,1,0
T102193,C1521,2449.35,4,3,1279,0,1,expired_method,0,1
T102194,C1678,2166.09,7,3,421,0,1,insufficient_funds,0,1
T102195,C1831,1800.46,9,2,565,0,1,checkout_abandoned,1,0
T102196,C1726,994.62,4,3,630,0,0,checkout_abandoned,0,1
T102197,C1501,525.8,8,2,358,1,0,technical_error,0,1
T102198,C1117,1214.4,5,2,1123,0,1,technical_error,1,1
T102199,C1386,2047.41,7,1,998,1,1,technical_error,1,1
T102200,C1344,1414.03,2,1,1495,0,0,authentication_failure,0,1
T102201,C1584,602.45,3,1,1325,0,1,insufficient_funds,0,1
T102202,C1395,1182.74,4,1,1324,1,1,expired_method,0,1
T102203,C1064,1137.4,10,0,378,1,1,expired_method,1,1
T102204,C1717,1278.23,7,0,1297,1,1,temporary_failure,0,1
T102205,C1721,1935.63,7,0,1305,0,1,checkout_abandoned,0,1
T102206,C1072,2274.9,4,0,78,0,0,authentication_failure,0,1
T102207,C1789,920.54,7,2,153,1,1,expired_method,0,1
T102208,C1274,2795.71,3,0,65,0,1,technical_error,0,1
T102209,C1320,3129.81,5,1,1110,1,1,insufficient_funds,0,1
T102210,C1338,1703.14,4,2,529,1,1,temporary_failure,0,1
T102211,C1366,2205.18,2,3,1343,0,1,temporary_failure,0,1
T102212,C1495,2802.24,5,3,99,1,1,temporary_failure,0,1
T102213,C1607,588.02,11,0,385,0,1,temporary_failure,0,1
T102214,C1166,2954.39,6,3,786,1,0,technical_error,0,1
T102215,C1544,740.6,10,1,1007,1,0,checkout_abandoned,0,1
T102216,C1011,796.7,6,2,1227,0,0,temporary_failure,0,1
T102217,C1301,1551.87,9,2,346,1,1,expired_method,0,1
T102218,C1729,268.26,5,1,515,1,1,authentication_failure,0,1
T102219,C1801,1528.0,3,0,117,0,1,technical_error,0,1
T102220,C1102,2797.09,6,1,616,1,1,expired_method,0,1
T102221,C1425,389.77,6,2,520,0,1,insufficient_funds,1,1
T102222,C1392,3031.33,3,0,330,1,0,technical_error,0,1
T102223,C1779,793.07,4,0,295,0,0,checkout_abandoned,0,1
T102224,C1214,1564.23,7,4,824,0,1,technical_error,0,1
T102225,C1691,884.32,1,0,1384,0,0,expired_method,0,1
T102226,C1088,2058.41,3,1,865,0,1,authentication_failure,0,1
T102227,C1553,2889.13,2,1,1278,1,1,temporary_failure,0,1
T102228,C1401,2176.03,4,2,596,0,1,authentication_failure,0,1
T102229,C1588,1335.44,4,0,371,1,1,expired_method,0,1
T102230,C1889,937.4,7,0,1369,0,1,checkout_abandoned,0,1
T102231,C1046,1271.59,8,0,231,0,1,temporary_failure,0,1
T102232,C1672,2190.7,3,1,725,1,1,authentication_failure,0,1
T102233,C1463,2247.78,5,1,447,1,1,checkout_abandoned,0,1
T102234,C1592,2024.58,2,2,1016,1,1,technical_error,0,1
T102235,C1310,511.87,5,1,582,0,1,authentication_failure,0,1
T102236,C1086,1316.5,5,1,457,1,1,insufficient_funds,0,1
T102237,C1092,832.91,10,0,1295,0,1,checkout_abandoned,0,1
T102238,C1660,2205.47,4,0,310,1,1,expired_method,0,1
T102239,C1673,754.66,4,2,982,1,1,authentication_failure,0,1
T102240,C1714,1880.02,5,1,558,1,1,checkout_abandoned,0,1
T102241,C1242,1083.94,4,0,1004,1,1,expired_method,0,1
T102242,C1865,327.23,4,0,1013,1,0,technical_error,0,1
T102243,C1002,2692.48,4,2,1267,1,1,expired_method,0,1
T102244,C1225,1314.27,2,1,1234,1,1,temporary_failure,1,1
T102245,C1801,3487.65,4,0,1434,0,1,expired_method,0,1
T102246,C1745,384.14,5,1,623,0,1,temporary_failure,0,1
T102247,C1589,1076.38,6,0,1143,0,0,expired_method,1,1
T102248,C1116,1138.76,6,1,571,1,1,temporary_failure,0,1
T102249,C1666,1640.33,6,2,517,0,1,insufficient_funds,0,1
T102250,C1103,495.77,5,1,900,1,1,checkout_abandoned,0,1
T102251,C1194,2014.3,6,3,848,1,1,temporary_failure,0,1
T102252,C1166,5618.09,3,1,808,0,0,insufficient_funds,0,1
T102253,C1871,1912.0,7,1,892,0,1,temporary_failure,0,1
T102254,C1090,1436.05,5,1,825,0,1,technical_error,0,1
T102255,C1686,476.71,4,2,1244,0,1,technical_error,0,1
T102256,C1122,749.43,4,2,508,0,1,insufficient_funds,1,1
T102257,C1143,1284.49,8,1,1222,0,1,checkout_abandoned,0,1
T102258,C1106,900.25,4,1,1218,1,1,authentication_failure,0,1
T102259,C1887,2891.97,4,0,1346,0,1,expired_method,0,1
T102260,C1428,1998.75,3,2,463,0,1,expired_method,0,1
T102261,C1305,10089.84,6,2,994,1,1,checkout_abandoned,0,1
T102262,C1872,641.85,3,1,258,1,0,insufficient_funds,1,0
T102263,C1317,1373.11,4,1,668,1,1,technical_error,0,1
T102264,C1635,474.56,3,0,792,0,1,technical_error,0,1
T102265,C1009,252.94,4,2,684,1,1,temporary_failure,1,1
T102266,C1774,2303.17,3,0,698,0,1,insufficient_funds,1,0
T102267,C1073,1943.92,3,0,239,0,0,insufficient_funds,1,0
T102268,C1359,705.61,4,1,233,0,1,technical_error,0,1
T102269,C1223,1436.22,2,1,63,0,1,authentication_failure,0,1
T102270,C1416,835.52,9,0,1069,1,0,authentication_failure,1,0
T102271,C1553,924.58,2,1,709,1,1,authentication_failure,0,1
T102272,C1370,1053.41,5,1,491,0,0,expired_method,0,1
T102273,C1716,683.74,5,0,595,0,1,technical_error,0,1
T102274,C1264,782.51,7,1,1333,0,1,temporary_failure,0,1
T102275,C1840,799.25,5,2,298,1,1,temporary_failure,0,1
T102276,C1690,1839.33,7,2,1461,0,0,insufficient_funds,1,1
T102277,C1860,167.22,5,3,320,0,1,temporary_failure,0,1
T102278,C1318,1129.22,3,1,467,0,1,insufficient_funds,0,1
T102279,C1084,592.43,2,1,60,0,1,temporary_failure,0,1
T102280,C1318,608.71,5,0,1132,1,1,insufficient_funds,0,1
T102281,C1111,903.03,7,1,351,1,1,expired_method,0,1
T102282,C1251,1325.1,6,0,572,0,1,temporary_failure,0,1
T102283,C1383,1140.46,4,1,992,0,1,insufficient_funds,0,1
T102284,C1007,603.02,7,0,1418,0,1,technical_error,0,1
T102285,C1459,2301.4,4,1,466,1,1,authentication_failure,0,1
T102286,C1084,680.65,6,1,1337,0,1,temporary_failure,1,0
T102287,C1208,771.99,4,0,760,0,1,insufficient_funds,1,0
T102288,C1390,1658.0,7,0,861,0,1,technical_error,0,1
T102289,C1314,1703.22,5,0,275,0,1,insufficient_funds,1,0
T102290,C1022,846.6,4,0,35,1,1,insufficient_funds,1,0
T102291,C1410,148.1,4,2,1083,0,1,technical_error,0,1
T102292,C1895,689.44,7,0,952,0,0,temporary_failure,0,1
T102293,C1515,1512.34,4,0,650,1,1,checkout_abandoned,0,1
T102294,C1127,2244.99,6,2,374,1,1,expired_method,0,1
T102295,C1809,1262.09,3,0,1178,0,0,technical_error,0,1
T102296,C1700,935.2,8,0,154,0,1,temporary_failure,0,1
T102297,C1874,7479.4,3,0,176,1,1,technical_error,0,1
T102298,C1014,1012.96,4,2,1076,0,0,checkout_abandoned,0,1
T102299,C1012,2120.01,3,3,981,1,1,expired_method,0,1
T102300,C1087,492.11,6,0,1048,0,0,checkout_abandoned,1,1
T102301,C1524,591.33,6,0,138,0,1,technical_error,0,1
T102302,C1537,2176.55,4,2,67,0,0,temporary_failure,0,1
T102303,C1301,2931.94,4,0,63,0,1,technical_error,0,1
T102304,C1243,999.96,3,2,1257,0,0,expired_method,0,1
T102305,C1122,334.8,5,3,142,1,1,temporary_failure,0,1
T102306,C1147,1181.25,4,0,1276,0,1,temporary_failure,0,1
T102307,C1567,1543.88,4,0,219,1,0,technical_error,0,1
T102308,C1750,1442.47,4,3,251,1,1,technical_error,0,1
T102309,C1356,877.83,3,2,392,0,0,technical_error,0,1
T102310,C1685,1194.33,5,1,1243,1,1,insufficient_funds,0,1
T102311,C1733,763.31,3,2,224,1,1,technical_error,0,1
T102312,C1631,581.8,4,3,1277,0,1,insufficient_funds,1,1
T102313,C1309,2360.79,7,1,1104,0,0,temporary_failure,0,1
T102314,C1695,1441.37,1,1,823,1,1,expired_method,0,1
T102315,C1288,1196.3,5,0,1123,1,1,technical_error,0,1
T102316,C1307,915.65,5,0,1482,1,1,authentication_failure,0,1
T102317,C1812,1170.13,6,2,1189,1,0,expired_method,0,1
T102318,C1594,1510.56,4,2,1411,1,0,authentication_failure,0,1
T102319,C1723,4897.65,3,2,93,0,1,insufficient_funds,0,1
T102320,C1662,2188.35,5,1,1458,1,1,temporary_failure,0,1
T102321,C1549,812.62,6,1,672,1,1,temporary_failure,1,1
T102322,C1352,819.08,5,2,963,1,1,temporary_failure,0,1
T102323,C1312,728.68,3,0,91,0,1,expired_method,1,1
T102324,C1873,1152.41,8,1,810,1,1,checkout_abandoned,0,1
T102325,C1059,728.26,7,2,1219,1,1,temporary_failure,0,1
T102326,C1643,1912.41,6,2,98,1,1,insufficient_funds,0,1
T102327,C1714,184.45,1,1,169,0,1,checkout_abandoned,0,1
T102328,C1755,2000.95,2,6,1017,1,1,insufficient_funds,0,1
T102329,C1035,1646.71,1,3,379,0,1,temporary_failure,0,1
T102330,C1445,3453.2,4,2,571,1,1,expired_method,0,1
T102331,C1093,2585.29,1,0,188,0,0,insufficient_funds,0,1
T102332,C1207,802.09,3,2,741,0,1,expired_method,0,1
T102333,C1353,2376.12,6,1,1238,0,1,insufficient_funds,0,1
T102334,C1332,1180.8,2,1,524,0,0,insufficient_funds,0,1
T102335,C1817,313.96,7,1,125,1,1,temporary_failure,0,1
T102336,C1862,1508.88,8,2,1380,0,0,checkout_abandoned,1,1
T102337,C1725,838.66,3,2,410,0,0,temporary_failure,0,1
T102338,C1159,1339.65,7,4,308,1,1,insufficient_funds,0,1
T102339,C1024,4622.02,4,1,678,1,0,checkout_abandoned,1,1
T102340,C1404,1585.4,5,2,519,1,1,authentication_failure,0,1
T102341,C1805,624.53,10,3,1141,0,1,insufficient_funds,1,0
T102342,C1516,2760.9,6,1,61,1,1,checkout_abandoned,0,1
T102343,C1732,1757.96,6,1,1017,0,1,checkout_abandoned,1,1
T102344,C1364,571.71,2,1,1386,1,1,expired_method,0,1
T102345,C1382,401.55,4,0,549,1,0,technical_error,0,1
T102346,C1532,643.55,9,0,221,1,1,temporary_failure,0,1
T102347,C1152,2507.96,6,2,1142,0,0,expired_method,0,1
T102348,C1562,1068.27,2,1,779,1,0,authentication_failure,0,1
T102349,C1689,1423.48,5,0,1403,1,1,technical_error,0,1
T102350,C1608,490.83,6,1,741,0,1,expired_method,0,1
T102351,C1617,2559.11,4,0,538,0,0,insufficient_funds,0,1
T102352,C1420,295.48,8,1,1273,1,1,temporary_failure,0,1
T102353,C1250,819.31,5,2,733,0,0,expired_method,0,1
T102354,C1117,1833.25,2,1,1435,1,1,expired_method,0,1
T102355,C1866,577.11,3,5,1022,1,1,checkout_abandoned,0,1
T102356,C1512,2123.02,7,2,805,1,1,temporary_failure,0,1
T102357,C1740,697.92,4,0,1213,0,1,temporary_failure,1,1
T102358,C1578,534.03,5,1,1305,0,1,insufficient_funds,0,1
T102359,C1335,3515.23,6,0,938,0,0,insufficient_funds,0,1
T102360,C1418,1503.34,11,1,94,1,1,temporary_failure,0,1
T102361,C1774,1976.88,7,0,1334,1,1,expired_method,0,1
T102362,C1295,2874.57,7,3,430,1,1,technical_error,0,1
T102363,C1755,187.83,8,0,219,0,1,insufficient_funds,0,1
T102364,C1371,2156.17,5,2,1341,1,1,temporary_failure,0,1
T102365,C1186,756.9,11,3,71,0,1,temporary_failure,1,1
T102366,C1246,835.51,7,2,14,1,1,temporary_failure,0,1
T102367,C1637,1859.53,3,0,505,0,1,expired_method,0,1
T102368,C1268,1020.16,6,0,1140,0,0,technical_error,0,1
T102369,C1643,2092.03,3,2,740,0,0,checkout_abandoned,0,1
T102370,C1237,1299.02,4,1,1420,1,1,expired_method,0,1
T102371,C1530,1519.53,5,0,188,1,1,checkout_abandoned,0,1
T102372,C1552,927.35,11,0,1099,0,1,checkout_abandoned,0,1
T102373,C1021,602.63,5,0,538,0,1,insufficient_funds,1,1
T102374,C1737,768.75,3,0,1420,0,1,insufficient_funds,0,1
T102375,C1867,1240.02,5,2,396,0,1,temporary_failure,0,1
T102376,C1794,5313.09,7,0,561,1,1,expired_method,0,1
T102377,C1520,4039.72,9,1,345,0,1,expired_method,0,1
T102378,C1100,820.59,11,0,597,1,1,checkout_abandoned,0,1
T102379,C1752,1401.35,5,0,767,1,1,insufficient_funds,0,1
T102380,C1478,1079.45,7,1,1084,0,1,temporary_failure,0,1
T102381,C1599,1476.9,3,1,650,1,1,temporary_failure,0,1
T102382,C1298,1626.5,5,0,316,1,1,insufficient_funds,0,1
T102383,C1526,1989.5,3,1,1293,1,1,authentication_failure,1,1
T102384,C1334,152.04,7,1,730,0,0,checkout_abandoned,0,1
T102385,C1002,1763.18,7,0,220,0,1,checkout_abandoned,0,1
T102386,C1375,993.08,6,2,1464,1,1,checkout_abandoned,0,1
T102387,C1293,789.42,7,1,944,0,0,insufficient_funds,1,0
T102388,C1837,2430.11,4,3,58,1,1,technical_error,0,1
T102389,C1553,4024.35,3,1,450,0,1,insufficient_funds,1,0
T102390,C1318,2245.65,6,0,255,0,1,temporary_failure,0,1
T102391,C1502,907.86,1,1,560,1,1,expired_method,1,1
T102392,C1828,597.64,2,1,461,0,1,expired_method,0,1
T102393,C1381,140.52,5,0,1178,0,1,expired_method,0,1
T102394,C1623,1535.92,6,4,664,0,1,authentication_failure,0,1
T102395,C1014,2067.84,4,1,256,0,0,authentication_failure,0,1
T102396,C1504,1240.91,4,2,370,0,1,expired_method,0,1
T102397,C1231,2698.12,9,0,677,1,0,expired_method,0,1
T102398,C1084,497.63,9,1,25,1,1,authentication_failure,0,1
T102399,C1130,1178.0,2,1,399,0,1,temporary_failure,1,1
T102400,C1743,1110.18,6,1,357,1,1,authentication_failure,0,1
T102401,C1838,1233.26,8,3,937,1,0,temporary_failure,0,1
T102402,C1145,3216.18,7,1,290,1,1,technical_error,0,1
T102403,C1891,1238.14,6,3,154,1,0,insufficient_funds,0,1
T102404,C1857,1073.74,5,2,55,0,1,expired_method,0,1
T102405,C1028,663.47,4,2,472,0,0,authentication_failure,0,1
T102406,C1066,3627.99,7,1,830,0,1,insufficient_funds,0,1
T102407,C1163,457.88,8,4,1403,1,1,temporary_failure,1,1
T102408,C1229,884.7,3,1,1340,1,0,checkout_abandoned,0,1
T102409,C1261,4771.68,2,2,1435,1,0,insufficient_funds,1,0
T102410,C1449,1902.99,3,1,503,1,0,temporary_failure,0,1
T102411,C1424,1319.31,6,1,1376,0,1,checkout_abandoned,0,1
T102412,C1460,1361.4,8,1,142,1,0,temporary_failure,0,1
T102413,C1676,658.67,8,2,1351,0,1,technical_error,0,1
T102414,C1301,1272.33,5,2,277,1,0,insufficient_funds,0,1
T102415,C1303,1030.3,4,0,602,0,0,checkout_abandoned,0,1
T102416,C1287,1532.6,4,1,679,0,0,insufficient_funds,0,1
T102417,C1395,432.82,3,1,988,0,1,temporary_failure,0,1
T102418,C1010,1805.13,6,1,233,1,0,checkout_abandoned,0,1
T102419,C1707,2871.16,10,5,921,1,1,expired_method,0,1
T102420,C1630,1149.56,10,3,11,0,1,authentication_failure,0,1
T102421,C1270,2176.17,4,3,981,0,1,expired_method,0,1
T102422,C1592,1690.47,4,1,646,0,1,expired_method,0,1
T102423,C1605,849.12,5,4,1274,0,1,insufficient_funds,0,1
T102424,C1778,605.53,3,2,126,0,0,checkout_abandoned,1,1
T102425,C1844,672.64,5,0,446,1,1,authentication_failure,0,1
T102426,C1862,1668.48,6,0,320,1,1,temporary_failure,0,1
T102427,C1361,1284.2,4,1,1249,1,1,checkout_abandoned,1,1
T102428,C1257,3485.34,4,0,1022,0,0,insufficient_funds,0,1
T102429,C1133,2423.95,5,1,226,1,1,authentication_failure,0,1
T102430,C1276,2420.16,4,3,580,0,0,expired_method,1,1
T102431,C1776,1631.59,4,1,354,0,1,insufficient_funds,1,0
T102432,C1683,650.9,5,0,87,0,1,expired_method,0,1
T102433,C1513,1709.58,4,0,1152,1,0,temporary_failure,1,1
T102434,C1313,1405.14,2,1,1463,1,1,checkout_abandoned,0,1
T102435,C1576,570.33,4,1,1352,1,1,authentication_failure,1,0
T102436,C1886,3319.14,2,2,1240,0,1,authentication_failure,0,1
T102437,C1284,3061.67,5,2,1355,1,0,temporary_failure,0,1
T102438,C1121,567.87,10,1,606,1,0,authentication_failure,1,1
T102439,C1107,830.19,1,1,1037,0,0,expired_method,1,1
T102440,C1687,886.73,4,0,678,0,1,authentication_failure,0,1
T102441,C1204,2116.22,2,1,1210,1,1,expired_method,1,1
T102442,C1165,1941.17,4,4,1382,1,1,temporary_failure,0,1
T102443,C1305,1384.79,2,3,908,1,1,technical_error,0,1
T102444,C1497,1644.83,3,2,319,0,0,temporary_failure,1,1
T102445,C1632,509.93,8,2,1113,0,1,checkout_abandoned,0,1
T102446,C1556,1782.94,5,1,53,1,1,temporary_failure,0,1
T102447,C1824,1241.82,2,5,925,1,1,authentication_failure,1,0
T102448,C1156,804.9,4,0,462,0,1,temporary_failure,0,1
T102449,C1367,424.38,3,1,1017,1,1,insufficient_funds,0,1
T102450,C1719,1366.79,7,1,739,0,0,temporary_failure,1,1
T102451,C1620,1750.61,10,1,1232,0,0,technical_error,0,1
T102452,C1251,373.58,7,0,1241,0,0,insufficient_funds,1,1
T102453,C1882,1358.13,6,0,203,1,1,temporary_failure,1,1
T102454,C1334,1468.03,1,0,1045,0,1,authentication_failure,0,1
T102455,C1642,883.89,4,0,963,1,1,insufficient_funds,0,1
T102456,C1511,1780.91,4,1,726,1,0,technical_error,0,1
T102457,C1293,1212.58,8,0,1422,1,0,insufficient_funds,0,1
T102458,C1020,1656.36,8,2,1159,0,0,insufficient_funds,0,1
T102459,C1282,1999.57,4,3,357,1,1,insufficient_funds,1,0
T102460,C1797,2000.41,3,2,1105,1,0,technical_error,0,1
T102461,C1001,2871.57,6,0,449,0,1,authentication_failure,0,1
T102462,C1119,1726.31,2,0,741,0,0,authentication_failure,0,1
T102463,C1035,936.57,2,1,311,1,1,checkout_abandoned,0,1
T102464,C1198,823.99,4,0,358,0,1,technical_error,0,1
T102465,C1485,603.36,4,1,130,0,1,checkout_abandoned,0,1
T102466,C1757,1500.25,9,3,795,1,0,technical_error,0,1
T102467,C1059,3608.27,5,1,1333,1,1,expired_method,0,1
T102468,C1837,1023.68,7,2,564,0,0,temporary_failure,0,1
T102469,C1161,1876.58,5,3,217,0,1,temporary_failure,1,1
T102470,C1691,761.88,2,0,483,0,0,technical_error,0,1
T102471,C1206,1550.14,7,0,223,0,0,checkout_abandoned,0,1
T102472,C1012,3444.42,3,0,1368,0,1,authentication_failure,0,1
T102473,C1490,2241.02,9,2,86,0,0,temporary_failure,0,1
T102474,C1276,412.36,6,1,1183,0,1,expired_method,0,1
T102475,C1693,2054.98,4,2,261,1,0,checkout_abandoned,1,1
T102476,C1242,2126.37,5,1,581,0,1,expired_method,0,1
T102477,C1216,1525.56,3,1,222,0,1,authentication_failure,0,1
T102478,C1251,2209.77,3,3,507,1,1,insufficient_funds,0,1
T102479,C1811,716.85,6,1,714,0,1,expired_method,1,1
T102480,C1126,1404.52,2,2,38,1,1,technical_error,0,1
T102481,C1217,3079.83,7,2,906,1,1,expired_method,0,1
T102482,C1306,2878.32,9,0,82,1,0,technical_error,0,1
T102483,C1797,2020.37,4,2,798,0,1,insufficient_funds,1,0
T102484,C1185,690.73,5,0,215,0,1,temporary_failure,1,1
T102485,C1039,613.79,1,0,61,0,0,checkout_abandoned,0,1
T102486,C1223,1459.59,8,0,1012,0,0,checkout_abandoned,1,1
T102487,C1184,1533.92,2,0,331,1,0,checkout_abandoned,0,1
T102488,C1495,1242.3,5,1,636,1,1,authentication_failure,0,1
T102489,C1427,732.46,5,0,1259,1,1,checkout_abandoned,0,1
T102490,C1178,1858.86,5,1,1095,0,1,technical_error,0,1
T102491,C1428,1454.8,12,1,28,1,1,temporary_failure,0,1
T102492,C1294,1664.65,2,2,320,0,1,temporary_failure,1,1
T102493,C1852,2090.33,2,2,600,1,0,temporary_failure,0,1
T102494,C1151,1090.9,6,3,1474,0,1,technical_error,0,1
T102495,C1384,928.37,7,1,532,1,0,insufficient_funds,1,1
T102496,C1638,3073.81,4,0,665,0,1,temporary_failure,0,1
T102497,C1813,758.98,4,2,94,0,1,temporary_failure,0,1
T102498,C1308,942.11,6,3,967,1,0,insufficient_funds,0,1
T102499,C1336,3380.19,5,0,12,1,0,checkout_abandoned,0,1
T102500,C1746,888.68,6,1,780,1,1,checkout_abandoned,0,1
T102501,C1892,1243.94,4,0,1276,0,0,technical_error,0,1
T102502,C1375,983.41,6,3,414,0,1,checkout_abandoned,0,1
T102503,C1008,351.63,7,3,1076,0,1,temporary_failure,1,1
T102504,C1341,1221.11,4,1,242,1,1,checkout_abandoned,0,1
T102505,C1129,627.68,3,4,517,0,1,insufficient_funds,0,1
T102506,C1776,1621.22,5,4,1383,1,0,checkout_abandoned,0,1
T102507,C1669,3069.37,4,2,1473,1,1,insufficient_funds,1,0
T102508,C1352,254.52,4,1,925,1,1,insufficient_funds,0,1
T102509,C1358,987.14,7,0,1196,1,1,temporary_failure,0,1
T102510,C1517,1880.4,9,6,1332,1,1,technical_error,0,1
T102511,C1495,260.47,0,1,995,0,1,expired_method,0,1
T102512,C1086,3648.97,2,0,30,0,1,authentication_failure,0,1
T102513,C1175,1780.98,4,3,1043,0,1,temporary_failure,1,1
T102514,C1802,3018.18,4,1,54,0,0,expired_method,0,1
T102515,C1193,877.47,3,2,614,0,1,technical_error,0,1
T102516,C1311,960.55,2,2,1036,1,1,temporary_failure,0,1
T102517,C1119,1187.13,8,1,52,0,1,temporary_failure,0,1
T102518,C1218,6658.55,8,3,1213,1,1,expired_method,0,1
T102519,C1427,3599.6,3,2,306,1,1,insufficient_funds,0,1
T102520,C1414,1479.21,5,0,386,1,1,insufficient_funds,0,1
T102521,C1114,1621.0,6,0,1140,0,1,temporary_failure,0,1
T102522,C1145,2156.36,4,1,946,1,1,authentication_failure,0,1
T102523,C1538,8051.92,4,2,726,1,1,technical_error,0,1
T102524,C1648,1784.76,4,2,1463,0,1,temporary_failure,1,0
T102525,C1303,1386.41,6,1,645,1,1,authentication_failure,0,1
T102526,C1744,1039.04,6,2,1146,0,1,authentication_failure,1,0
T102527,C1881,1597.49,5,1,386,0,1,expired_method,0,1
T102528,C1588,862.41,2,2,56,0,1,authentication_failure,1,0
T102529,C1840,1943.16,1,2,1317,0,1,temporary_failure,0,1
T102530,C1345,457.4,5,1,340,1,1,checkout_abandoned,0,1
T102531,C1814,1101.72,2,1,245,0,0,temporary_failure,0,1
T102532,C1801,2323.84,7,1,871,0,1,insufficient_funds,0,1
T102533,C1001,1766.65,7,0,294,1,0,expired_method,0,1
T102534,C1147,946.75,3,1,763,1,0,technical_error,0,1
T102535,C1287,1125.5,10,0,1473,0,0,insufficient_funds,1,1
T102536,C1654,2911.73,8,1,1282,1,0,checkout_abandoned,0,1
T102537,C1053,540.34,6,1,725,0,0,technical_error,1,0
T102538,C1304,542.7,2,3,721,1,0,expired_method,0,1
T102539,C1069,666.99,5,0,1090,1,1,technical_error,0,1
T102540,C1361,1328.75,9,2,446,0,1,checkout_abandoned,0,1
T102541,C1602,484.18,5,1,1107,0,1,temporary_failure,0,1
T102542,C1220,2737.37,6,1,128,0,1,temporary_failure,0,1
T102543,C1704,669.67,11,3,580,0,1,checkout_abandoned,0,1
T102544,C1575,1584.88,3,0,1324,0,0,insufficient_funds,1,0
T102545,C1585,867.57,7,2,957,0,0,insufficient_funds,0,1
T102546,C1161,1275.22,6,1,1366,0,1,technical_error,0,1
T102547,C1681,402.42,11,1,67,0,1,technical_error,0,1
T102548,C1089,2838.38,5,1,509,0,1,temporary_failure,0,1
T102549,C1688,651.24,8,2,740,0,1,expired_method,0,1
T102550,C1781,602.05,4,0,1291,1,1,technical_error,0,1
T102551,C1585,7976.51,6,2,805,1,0,checkout_abandoned,0,1
T102552,C1757,2029.88,3,1,491,0,0,checkout_abandoned,1,0
T102553,C1589,2756.76,6,2,335,0,1,temporary_failure,1,1
T102554,C1159,1889.69,8,1,1096,0,1,authentication_failure,0,1
T102555,C1489,953.98,2,0,1213,1,0,authentication_failure,0,1
T102556,C1324,502.63,4,4,240,1,1,temporary_failure,0,1
T102557,C1610,1070.5,3,0,1197,1,1,checkout_abandoned,0,1
T102558,C1381,643.15,4,0,1393,0,0,expired_method,0,1
T102559,C1102,672.78,8,1,1243,1,1,authentication_failure,0,1
T102560,C1494,408.55,8,2,1479,1,1,expired_method,1,1
T102561,C1644,1459.51,1,3,564,0,0,temporary_failure,0,1
T102562,C1614,4359.27,4,0,432,1,1,insufficient_funds,0,1
T102563,C1019,2035.72,7,3,1166,0,1,expired_method,1,1
T102564,C1454,1237.26,6,0,739,0,1,temporary_failure,0,1
T102565,C1482,1299.29,9,1,212,0,1,temporary_failure,0,1
T102566,C1594,136.21,7,1,699,0,1,authentication_failure,0,1
T102567,C1397,974.69,10,2,793,1,1,temporary_failure,1,1
T102568,C1279,459.43,6,0,462,1,1,temporary_failure,0,1
T102569,C1851,1481.5,12,0,1036,0,0,technical_error,1,1
T102570,C1365,1102.15,8,2,1122,0,1,temporary_failure,0,1
T102571,C1331,697.86,3,1,1084,0,1,expired_method,0,1
T102572,C1641,1456.69,3,1,1486,1,1,temporary_failure,0,1
T102573,C1344,1447.31,8,1,681,0,0,technical_error,0,1
T102574,C1822,4183.77,2,2,1030,1,0,insufficient_funds,0,1
T102575,C1455,2241.3,4,1,489,1,0,temporary_failure,0,1
T102576,C1601,1576.13,4,0,1166,0,0,checkout_abandoned,0,1
T102577,C1725,658.1,5,1,1280,0,1,checkout_abandoned,0,1
T102578,C1655,598.8,6,1,895,0,1,technical_error,0,1
T102579,C1065,2098.83,4,3,405,0,0,checkout_abandoned,0,1
T102580,C1076,1152.8,7,1,168,0,1,temporary_failure,0,1
T102581,C1711,1614.89,7,1,474,1,1,insufficient_funds,0,1
T102582,C1143,2789.17,6,1,1183,0,1,expired_method,0,1
T102583,C1828,430.59,3,1,580,0,1,checkout_abandoned,0,1
T102584,C1605,3819.12,6,2,1023,0,1,authentication_failure,0,1
T102585,C1473,2771.2,4,0,1341,1,0,checkout_abandoned,0,1
T102586,C1417,286.91,5,1,568,0,1,temporary_failure,1,1
T102587,C1305,7822.97,4,2,991,1,1,insufficient_funds,0,1
T102588,C1736,1704.51,5,0,1030,1,1,insufficient_funds,0,1
T102589,C1497,935.51,6,3,1338,1,0,technical_error,0,1
T102590,C1291,1976.92,3,1,1345,1,1,temporary_failure,0,1
T102591,C1102,643.48,5,0,552,0,1,checkout_abandoned,0,1
T102592,C1267,2017.46,3,3,256,0,1,temporary_failure,0,1
T102593,C1867,738.69,2,1,708,1,0,temporary_failure,0,1
T102594,C1622,6095.28,5,2,1268,1,1,expired_method,0,1
T102595,C1842,1401.19,8,0,1365,0,1,checkout_abandoned,1,1
T102596,C1777,2180.63,4,2,1204,0,1,authentication_failure,0,1
T102597,C1003,742.82,4,0,602,0,0,authentication_failure,0,1
T102598,C1085,2470.98,6,0,851,1,1,checkout_abandoned,0,1
T102599,C1794,1326.85,0,0,1398,1,1,expired_method,1,1
T102600,C1328,464.57,4,0,1038,0,0,authentication_failure,0,1
T102601,C1816,1119.83,3,3,525,0,0,authentication_failure,0,1
T102602,C1450,5700.64,4,0,496,0,1,authentication_failure,0,1
T102603,C1454,2550.98,4,2,664,1,1,authentication_failure,0,1
T102604,C1629,1008.05,7,1,907,1,1,expired_method,1,1
T102605,C1221,329.68,6,2,1466,1,1,technical_error,0,1
T102606,C1154,717.4,6,4,321,1,1,technical_error,0,1
T102607,C1665,466.45,4,1,1288,0,1,authentication_failure,0,1
T102608,C1012,335.71,5,1,733,1,0,insufficient_funds,0,1
T102609,C1133,2414.37,4,3,1313,1,1,insufficient_funds,1,1
T102610,C1304,1403.59,10,3,772,0,1,temporary_failure,0,1
T102611,C1293,5147.83,5,0,1004,1,1,expired_method,0,1
T102612,C1300,633.82,6,1,1344,0,0,technical_error,0,1
T102613,C1740,1337.14,11,1,703,1,0,insufficient_funds,0,1
T102614,C1783,470.77,2,2,218,1,0,insufficient_funds,0,1
T102615,C1043,857.35,2,0,1358,0,1,technical_error,0,1
T102616,C1343,1133.9,3,1,727,1,1,technical_error,0,1
T102617,C1326,1011.32,6,0,759,1,1,insufficient_funds,0,1
T102618,C1814,1394.31,6,2,168,1,0,expired_method,0,1
T102619,C1498,2775.84,4,0,470,0,1,temporary_failure,0,1
T102620,C1364,2565.26,3,2,1033,1,1,technical_error,0,1
T102621,C1891,752.2,8,1,63,0,1,technical_error,0,1
T102622,C1427,1309.28,3,2,402,0,1,insufficient_funds,0,1
T102623,C1021,2429.82,6,3,253,0,0,temporary_failure,0,1
T102624,C1407,2912.6,5,1,753,0,1,authentication_failure,0,1
T102625,C1619,815.77,3,3,1369,1,1,expired_method,0,1
T102626,C1336,2278.16,5,0,1226,0,1,temporary_failure,0,1
T102627,C1815,1717.04,5,1,1177,0,1,technical_error,0,1
T102628,C1117,602.15,3,0,847,0,0,expired_method,0,1
T102629,C1124,2440.89,3,1,1245,0,1,checkout_abandoned,0,1
T102630,C1399,1500.66,5,2,911,0,1,insufficient_funds,0,1
T102631,C1793,362.84,6,3,300,1,1,checkout_abandoned,0,1
T102632,C1804,1074.5,5,1,140,0,1,checkout_abandoned,0,1
T102633,C1715,1380.08,4,0,1310,1,1,temporary_failure,0,1
T102634,C1051,850.34,3,3,1424,1,1,insufficient_funds,0,1
T102635,C1783,3364.96,6,4,1367,1,1,expired_method,0,1
T102636,C1324,3457.67,4,2,287,1,1,checkout_abandoned,0,1
T102637,C1789,1005.39,8,4,151,1,1,insufficient_funds,1,0
T102638,C1141,925.96,5,0,76,0,0,expired_method,0,1
T102639,C1470,1213.88,8,1,1422,1,0,expired_method,1,0
T102640,C1787,1152.79,3,3,892,0,0,temporary_failure,0,1
T102641,C1802,858.88,6,2,1092,0,1,temporary_failure,0,1
T102642,C1334,100.0,5,2,402,1,1,checkout_abandoned,0,1
T102643,C1893,4994.58,4,1,518,0,1,authentication_failure,0,1
T102644,C1373,1339.85,6,2,185,0,0,expired_method,0,1
T102645,C1564,1171.77,4,1,1135,1,1,checkout_abandoned,0,1
T102646,C1494,1709.36,4,2,46,0,1,insufficient_funds,1,1
T102647,C1539,1261.37,4,4,1357,0,1,checkout_abandoned,1,1
T102648,C1669,969.97,3,3,925,1,1,checkout_abandoned,0,1
T102649,C1751,630.03,6,2,606,0,1,checkout_abandoned,0,1
T102650,C1156,337.32,6,0,443,0,1,checkout_abandoned,0,1
T102651,C1291,485.03,4,2,505,1,1,authentication_failure,0,1
T102652,C1648,579.69,7,2,901,1,1,checkout_abandoned,0,1
T102653,C1144,2182.42,5,3,1015,0,1,checkout_abandoned,0,1
T102654,C1106,2306.46,7,0,1159,0,1,temporary_failure,0,1
T102655,C1420,691.35,1,2,314,1,1,expired_method,0,1
T102656,C1670,181.68,6,2,265,0,1,temporary_failure,0,1
T102657,C1658,1348.62,6,1,1425,0,1,temporary_failure,0,1
T102658,C1002,976.37,6,2,596,0,1,checkout_abandoned,0,1
T102659,C1589,958.44,4,1,631,1,1,technical_error,0,1
T102660,C1644,2743.4,7,1,1490,0,1,authentication_failure,0,1
T102661,C1090,1486.22,7,2,1039,1,1,technical_error,0,1
T102662,C1345,644.01,4,2,858,0,1,expired_method,0,1
T102663,C1350,541.96,6,0,959,0,1,checkout_abandoned,0,1
T102664,C1459,1099.97,3,0,1398,0,0,expired_method,0,1
T102665,C1263,678.71,3,0,666,0,1,technical_error,0,1
T102666,C1351,1268.64,9,1,1340,1,1,checkout_abandoned,1,1
T102667,C1108,2891.72,6,0,1035,1,1,technical_error,0,1
T102668,C1586,475.88,4,1,1191,1,1,checkout_abandoned,0,1
T102669,C1039,1430.58,1,2,937,1,1,expired_method,0,1
T102670,C1159,2660.55,10,0,827,0,1,temporary_failure,1,1
T102671,C1583,1255.59,1,0,237,0,0,technical_error,0,1
T102672,C1312,2301.2,4,3,1232,0,1,insufficient_funds,1,0
T102673,C1241,1079.82,5,2,1433,1,1,technical_error,0,1
T102674,C1445,1522.52,6,0,92,0,1,expired_method,1,1
T102675,C1298,1864.2,2,0,984,1,1,temporary_failure,0,1
T102676,C1036,872.18,2,2,1472,1,0,temporary_failure,0,1
T102677,C1084,5961.08,2,1,450,1,1,authentication_failure,0,1
T102678,C1452,2065.62,9,0,1495,0,1,temporary_failure,0,1
T102679,C1886,3559.02,6,1,1078,1,1,checkout_abandoned,1,1
T102680,C1775,2990.72,5,0,1469,0,1,insufficient_funds,0,1
T102681,C1822,1712.08,5,2,720,1,1,insufficient_funds,1,1
T102682,C1385,3787.05,4,2,184,1,0,checkout_abandoned,0,1
T102683,C1172,1542.15,7,1,393,0,1,expired_method,0,1
T102684,C1376,774.85,7,0,417,0,0,insufficient_funds,0,1
T102685,C1685,1354.4,5,1,201,0,1,checkout_abandoned,0,1
T102686,C1362,629.78,6,1,1118,1,1,technical_error,0,1
T102687,C1559,276.92,10,3,865,0,1,expired_method,0,1
T102688,C1891,706.69,2,2,473,1,0,authentication_failure,0,1
T102689,C1141,1414.68,3,1,1349,0,1,technical_error,0,1
T102690,C1887,2970.38,7,0,730,1,1,authentication_failure,0,1
T102691,C1118,705.11,10,0,38,0,1,technical_error,1,1
T102692,C1277,2857.27,6,1,1307,0,1,technical_error,0,1
T102693,C1726,540.23,1,2,1219,1,1,technical_error,0,1
T102694,C1220,672.07,5,1,1081,1,1,checkout_abandoned,0,1
T102695,C1026,3971.37,7,3,276,0,1,insufficient_funds,0,1
T102696,C1521,1388.13,1,2,396,1,1,temporary_failure,0,1
T102697,C1783,1175.89,8,1,691,0,1,expired_method,0,1
T102698,C1010,1597.92,7,1,1179,1,1,expired_method,0,1
T102699,C1378,541.96,6,0,1049,0,1,temporary_failure,0,1
T102700,C1633,1045.1,4,0,1330,0,0,temporary_failure,0,1
T102701,C1637,1342.11,5,4,1022,0,0,expired_method,0,1
T102702,C1682,3372.93,3,0,458,0,1,temporary_failure,0,1
T102703,C1584,382.68,3,2,1460,0,0,temporary_failure,0,1
T102704,C1152,5025.31,2,1,356,0,0,temporary_failure,0,1
T102705,C1720,1219.89,3,3,296,0,1,insufficient_funds,0,1
T102706,C1049,582.36,6,1,1317,0,1,checkout_abandoned,0,1
T102707,C1154,508.4,5,2,1009,0,0,checkout_abandoned,0,1
T102708,C1859,1643.96,3,2,386,1,1,technical_error,0,1
T102709,C1293,487.65,3,1,1413,1,1,checkout_abandoned,0,1
T102710,C1580,879.99,6,0,431,0,1,expired_method,1,0
T102711,C1050,1110.51,3,0,941,0,1,checkout_abandoned,0,1
T102712,C1664,3158.2,4,1,773,0,1,checkout_abandoned,0,1
T102713,C1531,2875.09,4,2,754,1,0,insufficient_funds,0,1
T102714,C1612,826.96,5,0,228,1,1,checkout_abandoned,0,1
T102715,C1060,1141.94,7,0,66,0,0,temporary_failure,0,1
T102716,C1167,404.83,11,3,696,1,1,authentication_failure,0,1
T102717,C1202,290.23,10,0,123,0,1,insufficient_funds,0,1
T102718,C1857,532.83,1,1,1279,0,1,checkout_abandoned,0,1
T102719,C1146,3109.83,5,4,484,1,0,temporary_failure,0,1
T102720,C1676,2404.41,2,0,1101,0,0,temporary_failure,0,1
T102721,C1439,1785.72,2,0,67,1,0,insufficient_funds,1,0
T102722,C1242,448.89,1,2,313,1,1,technical_error,0,1
T102723,C1581,785.45,5,0,1007,1,1,temporary_failure,0,1
T102724,C1687,703.9,3,0,1348,0,1,checkout_abandoned,0,1
T102725,C1561,1182.64,3,0,1109,0,1,temporary_failure,0,1
T102726,C1483,1128.01,5,3,312,0,1,temporary_failure,0,1
T102727,C1108,631.77,4,2,920,0,1,expired_method,0,1
T102728,C1226,1740.47,5,0,743,1,1,authentication_failure,0,1
T102729,C1673,1590.35,6,4,727,1,1,checkout_abandoned,0,1
T102730,C1631,775.4,4,0,872,0,1,authentication_failure,0,1
T102731,C1661,1682.79,3,0,11,1,1,insufficient_funds,1,0
T102732,C1662,3112.6,7,0,1073,1,1,expired_method,0,1
T102733,C1432,3909.03,2,0,1081,1,1,expired_method,0,1
T102734,C1805,1935.26,7,0,721,1,1,checkout_abandoned,0,1
T102735,C1655,1893.06,6,3,66,0,1,temporary_failure,0,1
T102736,C1419,1118.67,6,0,21,0,1,temporary_failure,0,1
T102737,C1455,2899.47,2,1,467,1,1,checkout_abandoned,0,1
T102738,C1160,600.18,1,0,1357,1,1,technical_error,0,1
T102739,C1523,2658.16,4,0,700,0,0,temporary_failure,1,0
T102740,C1650,1079.55,8,0,550,0,1,authentication_failure,0,1
T102741,C1590,4097.79,5,1,1125,0,1,expired_method,0,1
T102742,C1077,2082.15,8,0,348,0,1,temporary_failure,0,1
T102743,C1509,1272.96,6,2,1404,1,1,checkout_abandoned,0,1
T102744,C1441,1121.74,2,1,768,0,1,insufficient_funds,0,1
T102745,C1254,1986.66,2,3,265,1,1,temporary_failure,0,1
T102746,C1770,1915.71,6,3,1131,1,1,technical_error,0,1
T102747,C1320,993.51,2,1,1079,1,0,insufficient_funds,1,1
T102748,C1803,1434.94,6,1,1053,0,0,checkout_abandoned,0,1
T102749,C1263,2623.57,3,0,1092,1,1,insufficient_funds,0,1
T102750,C1597,481.78,2,1,249,1,1,temporary_failure,0,1
T102751,C1658,2308.63,7,3,385,0,1,insufficient_funds,0,1
T102752,C1835,1980.12,3,2,1069,0,1,expired_method,0,1
T102753,C1554,3261.64,6,3,867,1,0,expired_method,0,1
T102754,C1374,783.1,5,0,396,1,0,authentication_failure,0,1
T102755,C1637,1345.19,7,4,821,1,1,temporary_failure,1,0
T102756,C1167,1562.12,4,0,192,1,0,expired_method,0,1
T102757,C1753,2331.1,9,1,325,1,1,insufficient_funds,0,1
T102758,C1459,1847.96,4,0,1420,0,1,checkout_abandoned,1,1
T102759,C1280,528.65,7,2,94,0,1,authentication_failure,0,1
T102760,C1700,1666.17,3,3,1480,0,1,technical_error,0,1
T102761,C1302,6021.98,4,2,1261,0,1,technical_error,0,1
T102762,C1531,2119.25,0,1,838,0,1,technical_error,0,1
T102763,C1580,4575.79,7,0,1082,0,0,checkout_abandoned,0,1
T102764,C1218,2928.65,2,0,821,1,1,authentication_failure,0,1
T102765,C1102,3721.2,7,1,957,0,1,temporary_failure,0,1
T102766,C1554,1689.99,9,0,849,1,0,insufficient_funds,1,0
T102767,C1288,1981.05,6,1,866,1,1,authentication_failure,0,1
T102768,C1167,1622.36,6,1,954,1,1,insufficient_funds,1,0
T102769,C1621,1343.8,5,1,311,1,1,expired_method,0,1
T102770,C1036,2337.05,3,0,959,0,1,insufficient_funds,0,1
T102771,C1744,906.19,7,2,733,1,0,technical_error,1,1
T102772,C1741,5508.44,5,0,660,0,1,expired_method,1,1
T102773,C1353,667.8,4,3,625,1,1,expired_method,1,1
T102774,C1676,2461.54,6,0,1098,1,1,authentication_failure,0,1
T102775,C1899,3766.88,2,0,381,0,1,temporary_failure,0,1
T102776,C1073,1173.25,6,1,549,1,1,checkout_abandoned,0,1
T102777,C1648,581.3,4,3,1363,1,1,authentication_failure,0,1
T102778,C1353,3186.4,3,1,18,1,1,expired_method,0,1
T102779,C1891,1560.16,4,2,171,0,1,checkout_abandoned,0,1
T102780,C1070,2465.1,5,2,1437,1,1,expired_method,0,1
T102781,C1425,1233.87,4,1,744,0,1,checkout_abandoned,1,1
T102782,C1708,4909.58,8,3,652,0,1,temporary_failure,0,1
T102783,C1781,273.76,6,1,650,1,0,insufficient_funds,0,1
T102784,C1561,1776.03,6,0,837,1,1,expired_method,0,1
T102785,C1828,3664.01,4,1,874,0,1,checkout_abandoned,0,1
T102786,C1642,1449.54,2,1,1339,0,1,checkout_abandoned,0,1
T102787,C1517,1680.37,6,0,657,1,1,checkout_abandoned,0,1
T102788,C1428,967.28,3,2,923,0,0,authentication_failure,0,1
T102789,C1539,1360.38,2,0,106,0,1,checkout_abandoned,0,1
T102790,C1160,382.26,7,0,499,0,1,insufficient_funds,1,1
T102791,C1149,781.47,6,0,530,1,1,authentication_failure,0,1
T102792,C1776,742.43,5,2,287,1,1,temporary_failure,0,1
T102793,C1230,2212.42,5,1,915,1,1,technical_error,0,1
T102794,C1712,872.6,3,0,511,0,0,authentication_failure,0,1
T102795,C1562,891.71,10,2,1002,1,1,technical_error,0,1
T102796,C1067,1008.84,6,0,505,1,1,checkout_abandoned,0,1
T102797,C1812,763.96,5,1,332,0,0,expired_method,0,1
T102798,C1381,1638.88,2,4,1242,0,0,expired_method,0,1
T102799,C1058,1777.96,3,1,18,1,1,checkout_abandoned,0,1
T102800,C1259,2486.83,7,1,1336,0,1,temporary_failure,1,1
T102801,C1342,2185.42,7,1,1325,1,0,temporary_failure,0,1
T102802,C1838,2027.52,1,2,1387,0,0,temporary_failure,0,1
T102803,C1130,1046.57,4,1,1035,1,1,expired_method,0,1
T102804,C1727,997.42,4,2,682,0,1,temporary_failure,1,1
T102805,C1172,696.87,7,0,73,0,0,checkout_abandoned,0,1
T102806,C1770,687.5,4,0,419,1,1,insufficient_funds,0,1
T102807,C1614,1549.51,4,1,1144,1,1,expired_method,1,1
T102808,C1209,780.89,5,0,1451,0,1,authentication_failure,0,1
T102809,C1803,4028.88,3,1,1241,0,0,temporary_failure,0,1
T102810,C1354,1302.28,8,2,101,1,1,checkout_abandoned,1,0
T102811,C1471,4130.04,5,2,1111,1,1,insufficient_funds,0,1
T102812,C1798,2056.63,7,4,1079,0,1,temporary_failure,0,1
T102813,C1116,747.75,7,0,634,0,1,expired_method,0,1
T102814,C1264,1278.53,2,1,260,0,0,checkout_abandoned,1,1
T102815,C1662,381.81,2,0,1487,1,0,temporary_failure,1,1
T102816,C1812,1545.06,8,1,465,1,1,technical_error,0,1
T102817,C1442,800.85,3,0,950,0,1,technical_error,0,1
T102818,C1548,581.09,5,0,1283,0,1,checkout_abandoned,1,0
T102819,C1453,4194.84,5,0,781,0,1,temporary_failure,0,1
T102820,C1845,2901.38,2,1,1209,1,1,expired_method,0,1
T102821,C1477,2842.05,4,1,619,1,1,expired_method,0,1
T102822,C1287,2408.08,8,2,993,0,1,temporary_failure,0,1
T102823,C1303,530.51,14,0,886,0,0,technical_error,0,1
T102824,C1311,991.92,5,2,716,1,1,temporary_failure,0,1
T102825,C1208,1038.33,7,1,1445,0,1,expired_method,0,1
T102826,C1618,371.56,4,0,1447,1,0,technical_error,0,1
T102827,C1446,882.05,3,1,294,1,1,temporary_failure,0,1
T102828,C1670,889.29,8,1,670,0,1,insufficient_funds,0,1
T102829,C1633,1472.18,6,1,484,1,1,technical_error,0,1
T102830,C1055,8948.94,4,1,905,1,1,expired_method,0,1
T102831,C1012,1318.6,5,1,1033,1,1,checkout_abandoned,0,1
T102832,C1657,1472.75,4,0,315,0,1,temporary_failure,0,1
T102833,C1400,1110.25,2,0,866,1,1,authentication_failure,1,1
T102834,C1648,2329.21,7,2,903,0,1,expired_method,0,1
T102835,C1515,598.58,9,2,524,0,0,authentication_failure,1,1
T102836,C1656,5552.64,7,0,458,1,1,insufficient_funds,1,1
T102837,C1542,1220.33,6,1,800,0,1,expired_method,0,1
T102838,C1237,995.86,5,0,884,1,1,insufficient_funds,0,1
T102839,C1279,2772.56,0,0,782,0,1,temporary_failure,0,1
T102840,C1348,686.64,3,1,232,0,0,checkout_abandoned,0,1
T102841,C1627,2297.18,4,0,1314,0,1,checkout_abandoned,0,1
T102842,C1104,3842.5,6,1,812,1,0,insufficient_funds,1,1
T102843,C1630,1117.66,5,3,756,1,1,expired_method,0,1
T102844,C1517,6245.59,6,2,586,1,1,technical_error,0,1
T102845,C1872,2171.6,9,2,1240,1,1,authentication_failure,0,1
T102846,C1248,2191.89,4,1,737,0,1,expired_method,0,1
T102847,C1364,3730.88,2,0,1412,0,0,checkout_abandoned,0,1
T102848,C1321,4550.77,7,3,491,0,0,authentication_failure,0,1
T102849,C1633,1630.07,8,3,283,0,1,temporary_failure,0,1
T102850,C1286,2434.94,7,0,290,1,1,temporary_failure,0,1
T102851,C1149,3817.14,5,2,1030,0,1,technical_error,0,1
T102852,C1084,560.39,4,3,1389,1,0,expired_method,0,1
T102853,C1406,366.09,4,1,1418,0,0,authentication_failure,0,1
T102854,C1456,1282.84,4,1,967,1,1,temporary_failure,0,1
T102855,C1743,359.56,3,2,1170,0,0,insufficient_funds,0,1
T102856,C1800,1058.39,2,0,1202,0,1,expired_method,0,1
T102857,C1161,1695.58,8,1,1311,1,1,temporary_failure,0,1
T102858,C1784,1089.28,2,1,239,0,0,checkout_abandoned,0,1
T102859,C1460,1204.48,3,1,203,1,1,checkout_abandoned,0,1
T102860,C1550,631.91,10,1,498,0,1,checkout_abandoned,0,1
T102861,C1500,2419.0,3,1,1309,1,1,temporary_failure,1,1
T102862,C1738,603.29,3,1,898,1,1,expired_method,0,1
T102863,C1509,276.67,7,0,1248,1,1,expired_method,0,1
T102864,C1654,1146.53,3,1,211,0,1,authentication_failure,0,1
T102865,C1804,2660.49,7,2,901,1,1,checkout_abandoned,0,1
T102866,C1481,1422.08,6,0,585,0,1,authentication_failure,0,1
T102867,C1663,559.14,4,2,681,0,1,checkout_abandoned,0,1
T102868,C1114,1445.87,5,1,1095,0,0,insufficient_funds,0,1
T102869,C1749,1860.74,4,0,1166,1,1,insufficient_funds,0,1
T102870,C1578,1433.3,4,2,129,1,1,temporary_failure,0,1
T102871,C1361,1098.35,5,0,821,0,0,insufficient_funds,1,0
T102872,C1341,1928.56,5,0,1190,1,1,insufficient_funds,0,1
T102873,C1770,363.65,4,3,1322,0,0,authentication_failure,1,1
T102874,C1761,685.08,8,1,1389,1,1,expired_method,0,1
T102875,C1449,503.25,5,1,1046,0,0,expired_method,0,1
T102876,C1843,3682.29,9,1,827,0,1,expired_method,0,1
T102877,C1835,2284.78,3,2,1492,0,0,temporary_failure,1,1
T102878,C1180,1538.93,2,3,421,1,1,checkout_abandoned,0,1
T102879,C1702,451.26,6,2,1307,0,1,authentication_failure,0,1
T102880,C1407,2340.48,5,1,240,0,1,insufficient_funds,0,1
T102881,C1666,3789.18,8,2,978,1,1,insufficient_funds,1,1
T102882,C1196,2056.21,4,3,237,0,1,expired_method,0,1
T102883,C1466,1304.55,8,0,439,0,1,checkout_abandoned,0,1
T102884,C1311,2151.22,7,4,154,1,1,technical_error,1,1
T102885,C1262,1643.67,3,1,170,1,1,insufficient_funds,0,1
T102886,C1419,2682.64,6,1,876,1,1,insufficient_funds,0,1
T102887,C1406,2637.97,8,0,298,0,1,temporary_failure,0,1
T102888,C1143,1134.79,7,2,1385,0,0,authentication_failure,1,1
T102889,C1342,816.09,1,0,93,1,1,insufficient_funds,0,1
T102890,C1316,992.41,5,2,935,0,1,technical_error,1,1
T102891,C1101,2001.97,5,2,543,0,1,authentication_failure,0,1
T102892,C1244,1038.38,2,0,134,0,1,expired_method,0,1
T102893,C1490,762.88,8,2,190,1,1,insufficient_funds,0,1
T102894,C1012,1338.47,5,1,994,0,1,technical_error,0,1
T102895,C1239,3073.56,2,1,439,1,1,checkout_abandoned,0,1
T102896,C1561,1482.27,3,3,1077,0,0,temporary_failure,0,1
T102897,C1042,1088.81,6,0,852,1,1,expired_method,1,0
T102898,C1678,1703.3,8,1,379,0,0,expired_method,0,1
T102899,C1594,1426.57,5,1,939,0,0,technical_error,0,1
T102900,C1429,314.12,7,0,428,1,1,authentication_failure,0,1
T102901,C1803,2258.76,2,1,973,1,0,checkout_abandoned,0,1
T102902,C1158,1818.18,5,4,786,0,0,temporary_failure,0,1
T102903,C1216,1355.78,4,2,1396,0,1,technical_error,0,1
T102904,C1670,2971.34,5,3,1311,1,1,temporary_failure,0,1
T102905,C1462,3326.74,5,1,1478,0,0,expired_method,1,0
T102906,C1134,2438.35,3,1,1250,1,1,temporary_failure,0,1
T102907,C1067,707.88,6,2,1118,1,0,temporary_failure,1,0
T102908,C1848,726.48,12,2,802,1,1,technical_error,0,1
T102909,C1007,3096.42,6,1,1370,0,1,temporary_failure,0,1
T102910,C1526,327.69,4,1,88,0,1,temporary_failure,0,1
T102911,C1073,1197.95,4,1,946,0,1,technical_error,0,1
T102912,C1399,1862.86,2,3,1489,0,0,checkout_abandoned,0,1
T102913,C1405,360.39,3,0,716,0,1,insufficient_funds,0,1
T102914,C1675,1596.8,7,2,298,0,1,temporary_failure,0,1
T102915,C1578,2740.3,8,0,986,0,1,checkout_abandoned,0,1
T102916,C1859,439.58,4,1,970,0,1,insufficient_funds,0,1
T102917,C1130,4645.38,5,2,1389,0,0,expired_method,1,1
T102918,C1466,628.05,0,1,881,1,1,expired_method,0,1
T102919,C1206,2061.22,4,1,90,1,0,insufficient_funds,0,1
T102920,C1788,1258.03,5,2,1155,1,1,insufficient_funds,1,0
T102921,C1768,1411.12,6,1,579,0,1,checkout_abandoned,1,1
T102922,C1266,511.52,5,2,821,1,0,checkout_abandoned,0,1
T102923,C1537,3447.33,5,2,511,1,1,checkout_abandoned,1,1
T102924,C1793,1710.28,5,2,1081,1,1,checkout_abandoned,0,1
T102925,C1253,4517.12,7,2,942,0,1,checkout_abandoned,0,1
T102926,C1822,521.62,6,0,674,1,1,authentication_failure,0,1
T102927,C1289,1169.2,4,3,418,0,1,technical_error,1,1
T102928,C1164,1567.36,3,0,834,0,1,insufficient_funds,0,1
T102929,C1095,1401.48,11,1,1046,0,0,insufficient_funds,0,1
T102930,C1782,2208.54,7,0,233,0,1,checkout_abandoned,0,1
T102931,C1833,1158.13,2,2,236,1,1,temporary_failure,0,1
T102932,C1110,6578.22,7,1,997,1,1,checkout_abandoned,0,1
T102933,C1336,1380.06,5,1,1397,1,0,technical_error,0,1
T102934,C1822,153.99,6,1,200,0,1,expired_method,0,1
T102935,C1238,1426.74,4,3,771,1,1,authentication_failure,1,1
T102936,C1381,3449.89,3,0,711,0,1,temporary_failure,0,1
T102937,C1436,670.16,3,2,1033,0,1,checkout_abandoned,0,1
T102938,C1899,639.02,10,1,477,1,1,insufficient_funds,1,1
T102939,C1483,713.16,7,0,37,1,1,authentication_failure,0,1
T102940,C1025,597.43,4,1,1472,1,1,temporary_failure,0,1
T102941,C1653,934.91,7,2,1256,0,0,checkout_abandoned,0,1
T102942,C1117,2649.09,7,1,993,1,1,expired_method,0,1
T102943,C1482,4208.03,4,0,1075,1,0,authentication_failure,1,0
T102944,C1392,217.42,5,2,1222,0,1,authentication_failure,0,1
T102945,C1537,1008.44,7,4,47,1,0,authentication_failure,0,1
T102946,C1079,1680.8,8,2,1370,0,0,temporary_failure,0,1
T102947,C1580,1559.33,4,0,1142,0,1,checkout_abandoned,0,1
T102948,C1173,5568.91,1,3,1397,1,1,checkout_abandoned,0,1
T102949,C1012,296.48,5,1,1166,0,1,insufficient_funds,0,1
T102950,C1800,192.14,5,1,1373,0,1,insufficient_funds,0,1
T102951,C1128,6289.64,10,1,519,0,0,expired_method,1,1
T102952,C1608,2356.84,5,2,172,0,1,technical_error,0,1
T102953,C1092,872.59,4,0,313,0,1,checkout_abandoned,0,1
T102954,C1653,1523.4,8,1,756,0,1,authentication_failure,0,1
T102955,C1543,1607.46,3,2,791,0,1,technical_error,0,1
T102956,C1846,856.93,3,3,63,0,1,expired_method,0,1
T102957,C1532,1489.71,7,2,1187,0,1,authentication_failure,0,1
T102958,C1658,1747.79,11,1,383,1,1,authentication_failure,1,0
T102959,C1828,6073.24,4,0,886,1,0,technical_error,1,1
T102960,C1447,2758.9,3,0,1460,1,1,insufficient_funds,0,1
T102961,C1390,4936.9,8,1,759,0,1,insufficient_funds,0,1
T102962,C1672,488.98,2,1,1075,0,1,temporary_failure,0,1
T102963,C1861,1032.36,8,0,737,1,0,temporary_failure,0,1
T102964,C1043,1606.29,7,0,616,0,0,insufficient_funds,0,1
T102965,C1254,317.09,4,1,827,1,1,temporary_failure,1,1
T102966,C1130,3249.95,4,0,646,0,0,temporary_failure,0,1
T102967,C1060,2168.21,3,0,351,0,0,technical_error,0,1
T102968,C1663,1017.02,8,3,670,0,0,technical_error,0,1
T102969,C1467,1167.36,3,0,171,0,0,expired_method,0,1
T102970,C1287,3430.29,5,1,1250,0,1,checkout_abandoned,0,1
T102971,C1517,737.61,5,1,49,0,1,technical_error,1,1
T102972,C1467,3535.6,3,1,807,1,1,insufficient_funds,0,1
T102973,C1778,1108.73,7,1,719,1,0,expired_method,0,1
T102974,C1345,2361.37,4,0,638,1,1,temporary_failure,0,1
T102975,C1642,1429.49,5,1,34,1,1,temporary_failure,0,1
T102976,C1382,7150.2,4,0,974,1,1,checkout_abandoned,0,1
T102977,C1779,688.46,4,0,1318,0,1,expired_method,0,1
T102978,C1690,871.35,5,2,76,1,1,authentication_failure,0,1
T102979,C1253,432.86,3,4,706,0,1,insufficient_funds,0,1
T102980,C1056,588.41,3,0,312,1,0,expired_method,0,1
T102981,C1463,2286.66,4,1,1028,0,0,temporary_failure,1,1
T102982,C1457,4447.61,6,0,487,1,0,expired_method,1,1
T102983,C1083,2489.56,5,0,1249,1,1,checkout_abandoned,0,1
T102984,C1099,1334.03,4,3,114,0,0,checkout_abandoned,0,1
T102985,C1149,685.25,1,2,666,1,1,temporary_failure,0,1
T102986,C1329,2627.57,5,1,1466,1,1,temporary_failure,0,1
T102987,C1156,657.57,2,1,1083,1,0,checkout_abandoned,0,1
T102988,C1190,487.01,5,2,1245,1,1,expired_method,0,1
T102989,C1494,1062.78,5,0,611,1,1,authentication_failure,0,1
T102990,C1883,291.36,3,2,398,0,0,insufficient_funds,0,1
T102991,C1263,475.31,5,0,1302,0,0,authentication_failure,1,1
T102992,C1080,5510.95,5,1,1224,0,0,temporary_failure,0,1
T102993,C1400,413.6,8,1,1328,0,1,technical_error,0,1
T102994,C1764,549.43,4,2,973,0,1,temporary_failure,0,1
T102995,C1609,1413.57,6,0,438,0,1,temporary_failure,1,1
T102996,C1260,1469.87,5,2,26,0,1,expired_method,0,1
T102997,C1772,1123.31,8,2,1265,0,0,technical_error,0,1
T102998,C1615,298.11,5,0,452,1,0,temporary_failure,0,1
T102999,C1552,2530.99,2,0,1388,0,0,technical_error,0,1
T103000,C1785,960.75,3,1,1026,0,1,temporary_failure,0,1
T103001,C1101,3345.39,8,0,1385,0,0,temporary_failure,0,1
T103002,C1359,825.83,9,0,387,0,0,checkout_abandoned,0,1
T103003,C1380,2798.59,1,1,401,1,1,checkout_abandoned,0,1
T103004,C1820,3540.64,2,1,39,1,1,checkout_abandoned,0,1
T103005,C1221,943.69,3,2,140,0,0,expired_method,0,1
T103006,C1820,2592.4,6,0,410,0,1,technical_error,0,1
T103007,C1420,494.52,7,0,132,0,0,temporary_failure,0,1
T103008,C1124,1632.34,6,1,60,1,1,expired_method,1,1
T103009,C1422,3349.85,8,0,929,1,1,insufficient_funds,1,1
T103010,C1231,1976.08,5,1,1225,0,0,temporary_failure,1,1
T103011,C1690,8141.0,8,1,83,1,0,insufficient_funds,0,1
T103012,C1063,2060.63,4,0,1412,0,0,insufficient_funds,1,1
T103013,C1485,1018.46,4,0,120,1,0,technical_error,1,1
T103014,C1628,11278.63,8,1,1401,0,0,authentication_failure,0,1
T103015,C1703,4560.9,6,5,186,0,0,expired_method,0,1
T103016,C1574,402.55,11,1,1053,0,1,checkout_abandoned,1,1
T103017,C1768,743.88,2,2,214,0,0,expired_method,0,1
T103018,C1483,614.85,5,4,550,1,1,insufficient_funds,0,1
T103019,C1519,2173.78,3,0,1042,1,1,temporary_failure,0,1
T103020,C1155,2055.69,8,4,1066,0,0,expired_method,0,1
T103021,C1092,2043.85,4,2,161,0,0,insufficient_funds,0,1
T103022,C1526,394.48,7,1,89,0,0,checkout_abandoned,0,1
T103023,C1455,830.0,9,2,855,0,1,temporary_failure,0,1
T103024,C1741,1197.55,6,0,135,0,1,checkout_abandoned,0,1
T103025,C1598,341.57,4,0,517,0,1,technical_error,0,1
T103026,C1645,696.54,2,2,384,1,1,expired_method,0,1
T103027,C1510,3704.58,7,0,998,1,1,checkout_abandoned,1,1
T103028,C1183,417.57,9,1,543,0,0,temporary_failure,0,1
T103029,C1386,3989.6,4,0,160,1,1,insufficient_funds,0,1
T103030,C1574,3036.2,7,2,227,1,1,checkout_abandoned,0,1
T103031,C1731,1077.01,7,2,291,0,0,expired_method,0,1
T103032,C1405,823.32,4,2,314,0,0,temporary_failure,0,1
T103033,C1246,2499.56,3,1,671,1,1,insufficient_funds,0,1
T103034,C1742,741.89,3,0,1228,1,1,checkout_abandoned,0,1
T103035,C1591,770.09,6,0,1459,0,1,temporary_failure,0,1
T103036,C1661,1315.67,3,2,663,1,0,temporary_failure,0,1
T103037,C1650,271.06,4,2,1097,0,1,checkout_abandoned,1,1
T103038,C1471,451.47,5,0,182,0,1,expired_method,0,1
T103039,C1826,1057.07,5,1,713,1,1,expired_method,0,1
T103040,C1888,1913.66,9,2,406,1,1,temporary_failure,0,1
T103041,C1423,734.23,2,0,753,1,1,temporary_failure,0,1
T103042,C1065,1154.93,3,4,1193,1,0,authentication_failure,1,0
T103043,C1013,399.38,5,2,1463,0,0,insufficient_funds,0,1
T103044,C1213,2695.56,7,0,60,0,0,expired_method,1,1
T103045,C1242,1579.81,2,1,1248,0,0,insufficient_funds,0,1
T103046,C1493,1688.19,2,3,629,0,0,expired_method,1,0
T103047,C1213,1931.76,7,1,893,1,1,authentication_failure,0,1
T103048,C1693,1420.26,0,2,284,0,1,technical_error,0,1
T103049,C1338,931.85,6,1,697,0,0,checkout_abandoned,0,1
T103050,C1173,3125.16,4,2,875,1,1,temporary_failure,0,1
T103051,C1672,1506.68,4,2,593,0,1,temporary_failure,0,1
T103052,C1164,1182.88,9,1,371,0,1,insufficient_funds,1,1
T103053,C1465,1330.76,6,1,409,1,0,technical_error,0,1
T103054,C1497,1309.66,7,1,804,1,1,expired_method,0,1
T103055,C1700,1174.0,9,0,572,1,1,technical_error,1,1
T103056,C1395,1871.66,7,0,1117,1,0,temporary_failure,0,1
T103057,C1703,663.88,6,2,236,0,1,temporary_failure,0,1
T103058,C1308,701.28,5,0,26,0,1,technical_error,0,1
T103059,C1768,2037.44,5,0,229,0,0,temporary_failure,0,1
T103060,C1183,1201.19,2,0,593,1,1,insufficient_funds,0,1
T103061,C1629,2775.39,3,1,461,0,0,expired_method,0,1
T103062,C1794,1820.12,4,1,635,1,1,temporary_failure,0,1
T103063,C1510,884.95,6,2,479,0,1,authentication_failure,0,1
T103064,C1708,2061.77,4,3,360,1,0,technical_error,0,1
T103065,C1546,3287.53,6,0,1138,0,1,authentication_failure,0,1
T103066,C1564,1872.88,6,2,1303,1,1,expired_method,0,1
T103067,C1624,2206.56,6,2,912,1,0,checkout_abandoned,1,0
T103068,C1764,1177.53,1,0,73,1,1,temporary_failure,0,1
T103069,C1594,2820.81,4,0,959,1,1,authentication_failure,1,0
T103070,C1744,866.52,3,0,1185,0,0,insufficient_funds,0,1
T103071,C1227,1726.6,5,1,448,0,1,expired_method,0,1
T103072,C1745,9201.57,11,3,906,0,1,checkout_abandoned,0,1
T103073,C1733,2006.53,8,2,1233,0,1,temporary_failure,0,1
T103074,C1436,976.98,4,0,590,1,1,insufficient_funds,1,1
T103075,C1422,975.09,6,1,41,1,1,technical_error,0,1
T103076,C1554,1269.65,4,0,10,0,1,temporary_failure,0,1
T103077,C1021,2536.23,7,1,715,1,1,expired_method,1,1
T103078,C1554,1494.18,2,1,1015,1,1,authentication_failure,0,1
T103079,C1397,823.53,2,2,725,1,1,checkout_abandoned,0,1
T103080,C1625,822.44,4,1,595,1,1,expired_method,0,1
T103081,C1105,1501.23,10,1,161,1,1,expired_method,0,1
T103082,C1192,1382.7,9,1,1394,0,1,checkout_abandoned,0,1
T103083,C1017,1884.15,5,2,379,0,0,expired_method,1,1
T103084,C1120,2665.42,2,1,572,0,1,authentication_failure,0,1
T103085,C1393,10358.06,3,1,858,1,0,temporary_failure,0,1
T103086,C1425,447.41,6,0,267,0,0,insufficient_funds,0,1
T103087,C1129,2242.05,6,2,531,0,0,authentication_failure,1,0
T103088,C1130,1441.92,8,1,974,1,1,insufficient_funds,0,1
T103089,C1572,335.82,3,1,1136,1,0,temporary_failure,0,1
T103090,C1560,3419.15,9,2,655,1,0,insufficient_funds,0,1
T103091,C1029,1836.98,3,0,199,0,1,expired_method,0,1
T103092,C1097,2440.25,5,1,587,0,1,temporary_failure,0,1
T103093,C1010,374.44,4,0,1297,0,1,temporary_failure,1,1
T103094,C1242,1135.34,6,0,845,1,1,temporary_failure,0,1
T103095,C1826,596.22,5,1,1220,0,1,technical_error,0,1
T103096,C1232,6784.02,7,0,872,0,1,checkout_abandoned,1,1
T103097,C1789,3160.27,4,0,657,1,1,technical_error,0,1
T103098,C1284,803.74,5,0,616,0,1,temporary_failure,0,1
T103099,C1715,423.06,6,2,514,1,0,insufficient_funds,0,1
T103100,C1759,1549.27,5,3,387,1,1,temporary_failure,0,1
T103101,C1802,3039.1,8,1,354,1,1,temporary_failure,0,1
T103102,C1776,364.57,3,0,1239,1,1,insufficient_funds,0,1
T103103,C1726,665.92,3,2,992,0,1,authentication_failure,1,1
T103104,C1200,584.53,2,1,820,0,1,temporary_failure,0,1
T103105,C1079,2566.27,5,2,1266,0,1,expired_method,1,1
T103106,C1855,1014.98,6,1,72,0,1,temporary_failure,0,1
T103107,C1856,1047.38,7,2,858,1,0,expired_method,0,1
T103108,C1173,1526.89,4,1,1402,1,1,insufficient_funds,0,1
T103109,C1467,693.18,3,0,789,1,1,expired_method,0,1
T103110,C1581,453.61,7,2,1373,0,1,insufficient_funds,1,0
T103111,C1416,3741.58,6,0,875,1,0,authentication_failure,1,0
T103112,C1449,4011.27,11,1,957,1,0,expired_method,0,1
T103113,C1087,1532.55,10,4,548,0,1,expired_method,0,1
T103114,C1101,1618.28,7,0,914,0,1,insufficient_funds,0,1
T103115,C1008,3448.73,10,3,1115,0,1,expired_method,0,1
T103116,C1845,1506.42,4,1,557,0,0,checkout_abandoned,0,1
T103117,C1200,978.18,6,3,477,0,1,temporary_failure,0,1
T103118,C1505,1379.54,4,2,1407,1,0,technical_error,0,1
T103119,C1087,3808.07,8,0,243,1,0,expired_method,0,1
T103120,C1043,1394.08,8,3,1190,1,0,checkout_abandoned,1,1
T103121,C1385,810.75,6,2,88,0,0,technical_error,0,1
T103122,C1621,1495.55,9,3,1330,1,1,technical_error,1,1
T103123,C1435,2191.12,2,1,1269,1,1,insufficient_funds,0,1
T103124,C1408,2002.58,4,0,1225,0,1,expired_method,0,1
T103125,C1483,2027.62,2,1,1009,1,1,authentication_failure,0,1
T103126,C1664,720.53,5,0,799,1,1,temporary_failure,0,1
T103127,C1017,2386.49,10,4,1080,1,1,checkout_abandoned,0,1
T103128,C1645,1368.33,8,0,538,0,1,checkout_abandoned,0,1
T103129,C1148,785.37,2,3,906,0,0,checkout_abandoned,0,1
T103130,C1277,2372.3,4,2,1448,0,1,insufficient_funds,0,1
T103131,C1232,953.15,4,0,354,1,1,insufficient_funds,1,0
T103132,C1826,411.28,2,3,285,1,1,temporary_failure,0,1
T103133,C1366,632.42,6,3,412,0,0,authentication_failure,1,1
T103134,C1228,1168.85,7,1,1294,1,0,insufficient_funds,1,0
T103135,C1651,2066.74,4,1,263,0,1,insufficient_funds,0,1
T103136,C1436,700.61,3,0,1048,0,1,checkout_abandoned,1,1
T103137,C1399,1118.23,5,1,1010,1,1,checkout_abandoned,0,1
T103138,C1211,537.83,7,0,546,0,0,insufficient_funds,1,0
T103139,C1391,2797.62,1,2,172,0,1,expired_method,0,1
T103140,C1499,4856.14,7,0,1141,0,0,insufficient_funds,0,1
T103141,C1540,4478.13,8,0,72,0,0,expired_method,0,1
T103142,C1563,2762.07,3,1,252,1,1,temporary_failure,0,1
T103143,C1491,2557.75,4,1,312,1,0,authentication_failure,0,1
T103144,C1442,283.18,7,0,972,1,0,authentication_failure,1,0
T103145,C1261,1529.78,6,1,1149,0,1,technical_error,0,1
T103146,C1773,923.28,8,1,329,1,1,insufficient_funds,0,1
T103147,C1350,2592.43,1,0,1055,0,1,technical_error,0,1
T103148,C1352,199.7,8,1,1497,0,1,temporary_failure,0,1
T103149,C1520,1548.01,9,2,1496,0,0,authentication_failure,1,1
T103150,C1320,1140.44,4,2,974,0,1,technical_error,1,1
T103151,C1138,3098.96,4,0,499,0,1,authentication_failure,0,1
T103152,C1550,4276.93,2,2,627,0,1,insufficient_funds,0,1
T103153,C1623,667.38,4,1,851,1,1,insufficient_funds,0,1
T103154,C1368,690.36,4,1,1369,0,1,checkout_abandoned,0,1
T103155,C1220,1592.2,2,1,392,0,1,technical_error,0,1
T103156,C1337,4916.35,7,0,1163,0,1,insufficient_funds,1,0
T103157,C1223,1401.23,7,3,1159,0,1,checkout_abandoned,0,1
T103158,C1648,513.18,4,3,379,0,1,technical_error,0,1
T103159,C1768,850.31,6,0,749,1,0,expired_method,0,1
T103160,C1360,1559.31,6,0,1404,0,0,insufficient_funds,0,1
T103161,C1329,1603.83,3,2,418,1,1,technical_error,0,1
T103162,C1463,789.92,5,1,838,0,1,expired_method,1,1
T103163,C1561,837.7,11,2,270,0,1,authentication_failure,0,1
T103164,C1804,641.51,7,0,37,1,1,authentication_failure,1,0
T103165,C1382,3152.27,6,2,858,1,1,temporary_failure,0,1
T103166,C1836,716.17,0,2,459,0,1,checkout_abandoned,0,1
T103167,C1590,945.21,10,2,536,0,1,insufficient_funds,0,1
T103168,C1617,925.25,6,0,192,1,1,insufficient_funds,1,1
T103169,C1169,401.63,6,1,385,1,1,authentication_failure,0,1
T103170,C1217,700.95,3,1,219,1,1,insufficient_funds,0,1
T103171,C1378,3364.73,7,1,535,1,1,expired_method,0,1
T103172,C1119,540.79,6,1,41,1,1,insufficient_funds,1,1
T103173,C1190,650.19,1,1,53,1,1,expired_method,0,1
T103174,C1767,493.04,5,0,1487,1,1,insufficient_funds,0,1
T103175,C1370,1251.43,4,0,1381,1,1,temporary_failure,0,1
T103176,C1778,5508.83,3,0,895,1,1,checkout_abandoned,0,1
T103177,C1149,1212.55,5,1,125,1,1,insufficient_funds,0,1
T103178,C1676,1408.21,5,2,381,0,1,temporary_failure,0,1
T103179,C1652,737.61,5,1,1499,1,1,checkout_abandoned,0,1
T103180,C1859,1278.94,5,0,1004,1,1,temporary_failure,0,1
T103181,C1488,3367.03,0,1,451,0,1,authentication_failure,0,1
T103182,C1770,1490.97,0,1,623,0,1,checkout_abandoned,0,1
T103183,C1374,6626.47,9,1,1037,0,1,temporary_failure,0,1
T103184,C1781,3444.76,6,0,1404,1,1,temporary_failure,0,1
T103185,C1693,1255.47,6,4,1018,1,1,temporary_failure,1,1
T103186,C1160,1237.27,1,0,1477,0,1,technical_error,0,1
T103187,C1351,4551.41,7,0,247,0,1,checkout_abandoned,1,0
T103188,C1288,1484.74,5,1,68,1,1,expired_method,0,1
T103189,C1288,3853.32,6,1,1364,0,0,expired_method,1,0
T103190,C1892,6016.02,6,0,934,0,1,authentication_failure,0,1
T103191,C1226,1149.22,6,1,924,1,1,insufficient_funds,0,1
T103192,C1523,1744.05,2,1,781,1,0,expired_method,0,1
T103193,C1522,2793.37,3,0,964,1,0,temporary_failure,0,1
T103194,C1783,2381.83,4,3,1429,1,1,checkout_abandoned,0,1
T103195,C1273,2369.34,5,2,312,0,1,technical_error,0,1
T103196,C1402,492.7,3,4,990,0,1,temporary_failure,0,1
T103197,C1183,708.88,6,0,490,0,1,temporary_failure,0,1
T103198,C1665,923.85,6,4,238,1,1,temporary_failure,0,1
T103199,C1488,3330.29,4,2,1173,0,0,insufficient_funds,1,0
T103200,C1827,530.31,6,1,63,1,1,expired_method,0,1
T103201,C1846,4198.24,6,2,451,0,1,temporary_failure,0,1
T103202,C1124,2403.97,9,1,584,1,1,insufficient_funds,0,1
T103203,C1626,3183.3,2,1,1176,1,1,temporary_failure,0,1
T103204,C1790,667.04,4,2,594,0,1,temporary_failure,0,1
T103205,C1414,1414.07,2,1,1130,0,1,authentication_failure,0,1
T103206,C1725,1676.07,5,0,601,0,1,insufficient_funds,0,1
T103207,C1172,1621.69,4,1,1304,0,1,checkout_abandoned,0,1
T103208,C1288,1671.95,6,0,139,1,1,expired_method,0,1
T103209,C1435,1088.55,4,2,526,0,1,temporary_failure,0,1
T103210,C1686,1482.38,4,1,953,0,1,expired_method,0,1
T103211,C1113,2907.86,5,1,1450,1,1,checkout_abandoned,0,1
T103212,C1888,558.42,3,2,190,1,1,expired_method,0,1
T103213,C1122,4273.92,7,1,627,1,1,expired_method,0,1
T103214,C1544,2797.34,7,1,1017,1,1,temporary_failure,0,1
T103215,C1222,649.43,6,0,246,0,1,technical_error,0,1
T103216,C1631,1786.26,4,1,521,0,1,technical_error,0,1
T103217,C1039,2633.64,6,3,542,0,0,authentication_failure,0,1
T103218,C1497,530.35,2,0,971,0,1,temporary_failure,0,1
T103219,C1780,1382.27,5,1,1471,0,0,checkout_abandoned,0,1
T103220,C1233,1262.83,4,0,234,0,1,authentication_failure,0,1
T103221,C1530,825.36,11,2,212,0,1,checkout_abandoned,0,1
T103222,C1149,1435.5,5,0,1074,0,1,technical_error,0,1
T103223,C1397,853.88,3,1,864,0,0,expired_method,0,1
T103224,C1661,3754.57,3,1,943,1,1,technical_error,0,1
T103225,C1638,837.16,2,2,145,1,1,technical_error,0,1
T103226,C1302,2425.96,7,1,1066,0,1,insufficient_funds,0,1
T103227,C1360,387.01,4,1,1062,0,0,authentication_failure,0,1
T103228,C1238,1186.36,3,1,1384,1,1,insufficient_funds,0,1
T103229,C1647,1351.86,6,1,1090,0,1,authentication_failure,0,1
T103230,C1663,1157.81,2,3,999,1,1,insufficient_funds,0,1
T103231,C1236,995.02,7,0,1361,0,1,expired_method,1,1
T103232,C1736,811.89,4,0,454,0,1,expired_method,0,1
T103233,C1203,2358.79,5,0,1403,1,1,authentication_failure,0,1
T103234,C1256,2834.42,9,1,380,0,1,technical_error,0,1
T103235,C1598,1259.39,4,0,948,0,1,temporary_failure,0,1
T103236,C1662,588.47,4,0,647,1,0,expired_method,0,1
T103237,C1235,5143.36,6,2,931,1,1,checkout_abandoned,0,1
T103238,C1345,692.39,1,1,1405,1,1,temporary_failure,0,1
T103239,C1534,448.29,6,2,1286,1,1,technical_error,0,1
T103240,C1860,296.05,5,1,495,1,1,authentication_failure,0,1
T103241,C1797,1443.16,5,2,267,0,1,technical_error,0,1
T103242,C1781,1137.9,6,2,448,0,0,checkout_abandoned,1,1
T103243,C1466,2902.18,7,1,611,0,0,checkout_abandoned,0,1
T103244,C1770,2118.18,5,2,27,0,1,temporary_failure,0,1
T103245,C1541,1665.12,6,1,228,1,0,insufficient_funds,0,1
T103246,C1213,1092.77,6,0,521,0,1,temporary_failure,0,1
T103247,C1463,3079.38,5,1,1211,0,1,technical_error,0,1
T103248,C1436,5434.61,6,1,218,0,0,authentication_failure,0,1
T103249,C1283,2854.74,4,3,536,0,1,temporary_failure,0,1
T103250,C1562,946.1,3,2,244,0,1,expired_method,0,1
T103251,C1607,2407.09,5,1,1168,0,0,temporary_failure,0,1
T103252,C1463,990.72,8,2,1242,1,1,checkout_abandoned,0,1
T103253,C1407,584.76,5,0,220,1,1,insufficient_funds,0,1
T103254,C1088,682.47,2,0,282,1,0,expired_method,0,1
T103255,C1044,1023.89,7,0,1193,1,1,insufficient_funds,0,1
T103256,C1461,1448.05,6,1,153,1,1,temporary_failure,0,1
T103257,C1278,6281.95,5,5,743,0,0,expired_method,0,1
T103258,C1683,691.41,5,0,1367,1,1,temporary_failure,0,1
T103259,C1421,3614.17,3,1,511,0,1,technical_error,0,1
T103260,C1701,1055.8,7,0,453,0,1,expired_method,0,1
T103261,C1353,295.22,7,0,1119,1,0,authentication_failure,0,1
T103262,C1696,916.63,7,1,189,0,0,insufficient_funds,0,1
T103263,C1515,3237.39,3,0,1026,0,1,authentication_failure,0,1
T103264,C1703,1734.55,5,1,1113,0,1,expired_method,0,1
T103265,C1630,1814.09,6,1,1187,0,0,temporary_failure,0,1
T103266,C1019,3627.79,5,0,188,1,0,temporary_failure,0,1
T103267,C1023,615.69,5,2,308,0,1,temporary_failure,0,1
T103268,C1413,608.62,4,0,1359,1,1,insufficient_funds,0,1
T103269,C1030,245.23,5,0,764,0,1,expired_method,0,1
T103270,C1807,2585.86,5,1,18,0,0,insufficient_funds,1,1
T103271,C1108,2042.36,5,2,1461,0,0,temporary_failure,0,1
T103272,C1367,2305.32,5,1,201,1,1,authentication_failure,0,1
T103273,C1281,551.56,6,1,1123,1,1,technical_error,1,1
T103274,C1128,402.15,6,1,1035,0,1,temporary_failure,0,1
T103275,C1229,497.84,3,1,1453,1,0,temporary_failure,0,1
T103276,C1111,670.53,11,1,1036,1,1,expired_method,0,1
T103277,C1136,4296.13,2,0,959,0,1,expired_method,0,1
T103278,C1362,2835.84,4,2,1438,0,1,temporary_failure,0,1
T103279,C1186,949.88,5,2,501,1,0,temporary_failure,0,1
T103280,C1656,1676.46,3,0,1298,0,1,technical_error,1,1
T103281,C1584,805.31,4,0,789,0,1,checkout_abandoned,0,1
T103282,C1129,1760.25,6,1,977,0,0,technical_error,0,1
T103283,C1876,570.45,4,1,1276,0,1,insufficient_funds,0,1
T103284,C1261,2351.22,8,1,1027,0,1,technical_error,0,1
T103285,C1515,708.2,3,3,686,1,1,checkout_abandoned,0,1
T103286,C1449,2451.45,5,0,734,1,1,technical_error,0,1
T103287,C1104,972.07,8,2,1393,1,0,temporary_failure,1,1
T103288,C1483,740.59,5,1,204,1,1,authentication_failure,0,1
T103289,C1224,4490.63,2,2,508,0,0,insufficient_funds,1,0
T103290,C1832,1529.52,4,1,577,0,1,insufficient_funds,0,1
T103291,C1874,1051.91,4,1,1246,1,1,insufficient_funds,0,1
T103292,C1866,2365.24,3,0,163,0,0,checkout_abandoned,0,1
T103293,C1491,490.29,5,1,1079,1,0,technical_error,0,1
T103294,C1473,3072.2,8,1,190,0,1,checkout_abandoned,0,1
T103295,C1010,1206.42,7,1,235,0,1,technical_error,0,1
T103296,C1405,2101.89,3,0,1065,0,1,insufficient_funds,1,0
T103297,C1896,419.51,8,4,356,1,1,authentication_failure,1,0
T103298,C1302,1005.44,6,0,455,1,0,insufficient_funds,0,1
T103299,C1231,1344.04,5,2,184,1,1,expired_method,0,1
T103300,C1731,2900.75,3,1,838,1,1,technical_error,1,1
T103301,C1066,2231.23,6,2,1163,0,1,technical_error,0,1
T103302,C1112,997.89,4,0,1330,0,1,authentication_failure,0,1
T103303,C1013,1700.13,6,1,261,0,1,checkout_abandoned,1,1
T103304,C1393,3437.25,5,0,1485,0,1,expired_method,1,1
T103305,C1500,1152.87,9,4,1454,1,1,insufficient_funds,0,1
T103306,C1598,1062.47,5,3,660,1,0,checkout_abandoned,0,1
T103307,C1234,324.64,4,3,493,1,1,expired_method,0,1
T103308,C1602,1086.48,4,1,1390,1,1,temporary_failure,0,1
T103309,C1314,363.32,7,0,633,1,0,expired_method,0,1
T103310,C1566,1229.36,5,0,167,1,1,expired_method,0,1
T103311,C1012,2810.45,5,3,578,0,0,temporary_failure,0,1
T103312,C1209,273.22,2,4,1034,1,1,expired_method,0,1
T103313,C1014,3380.09,7,0,18,1,1,technical_error,0,1
T103314,C1633,1045.59,2,0,518,1,1,technical_error,1,0
T103315,C1418,1312.42,7,2,553,0,0,insufficient_funds,0,1
T103316,C1437,918.91,3,1,598,0,1,checkout_abandoned,0,1
T103317,C1377,370.58,6,1,822,0,1,temporary_failure,1,1
T103318,C1020,744.53,7,1,104,0,0,checkout_abandoned,0,1
T103319,C1587,6457.89,4,3,706,0,0,insufficient_funds,0,1
T103320,C1755,588.73,6,1,1310,0,0,checkout_abandoned,1,1
T103321,C1735,406.91,3,0,982,0,1,authentication_failure,0,1
T103322,C1070,1489.16,6,1,931,0,1,expired_method,0,1
T103323,C1824,1255.98,6,0,994,1,1,checkout_abandoned,0,1
T103324,C1211,1051.01,7,1,126,0,1,insufficient_funds,0,1
T103325,C1101,1354.02,7,0,1489,0,1,checkout_abandoned,1,1
T103326,C1698,2171.45,8,1,369,0,0,temporary_failure,1,1
T103327,C1132,862.32,4,1,1063,0,1,authentication_failure,0,1
T103328,C1623,1549.69,3,0,334,1,0,expired_method,0,1
T103329,C1381,2886.81,6,3,83,0,1,technical_error,0,1
T103330,C1132,634.94,3,2,988,1,1,technical_error,0,1
T103331,C1020,234.71,6,0,1452,0,1,temporary_failure,0,1
T103332,C1536,2215.22,4,1,816,0,1,checkout_abandoned,0,1
T103333,C1227,8753.61,5,0,1296,1,1,temporary_failure,0,1
T103334,C1154,1332.06,4,1,1479,1,1,technical_error,0,1
T103335,C1805,1558.45,6,1,560,0,0,temporary_failure,1,1
T103336,C1742,1072.92,6,1,413,1,0,temporary_failure,0,1
T103337,C1469,4407.42,10,2,113,1,1,expired_method,1,1
T103338,C1822,1263.55,5,1,1473,0,1,checkout_abandoned,0,1
T103339,C1871,1164.53,3,0,715,1,1,expired_method,0,1
T103340,C1405,2652.21,7,1,152,1,1,authentication_failure,0,1
T103341,C1202,931.5,3,1,723,0,1,insufficient_funds,0,1
T103342,C1038,511.06,4,1,926,1,0,insufficient_funds,1,1
T103343,C1772,2596.0,4,1,216,0,0,insufficient_funds,0,1
T103344,C1188,859.49,3,3,555,0,1,temporary_failure,1,0
T103345,C1057,644.45,10,1,1294,0,1,technical_error,0,1
T103346,C1020,6470.68,5,0,833,1,1,temporary_failure,1,1
T103347,C1273,1171.51,7,0,1116,1,1,technical_error,0,1
T103348,C1119,1940.44,7,3,272,0,0,insufficient_funds,0,1
T103349,C1583,1369.42,5,1,181,0,1,authentication_failure,0,1
T103350,C1516,689.01,4,0,371,0,1,expired_method,0,1
T103351,C1221,2246.38,6,1,51,0,0,expired_method,0,1
T103352,C1526,1695.84,4,1,283,1,0,insufficient_funds,1,0
T103353,C1515,816.86,3,1,509,1,1,expired_method,0,1
T103354,C1728,1853.61,5,2,141,0,1,insufficient_funds,0,1
T103355,C1741,910.75,5,1,1486,0,0,insufficient_funds,1,0
T103356,C1336,585.01,3,2,919,0,1,expired_method,0,1
T103357,C1698,542.26,5,2,434,0,1,expired_method,0,1
T103358,C1055,1640.15,4,1,952,1,0,technical_error,1,1
T103359,C1500,1005.21,8,1,618,0,1,authentication_failure,0,1
T103360,C1888,4131.01,1,0,1086,0,1,checkout_abandoned,0,1
T103361,C1766,1296.96,4,1,798,1,1,temporary_failure,0,1
T103362,C1536,743.3,4,0,1430,1,0,temporary_failure,0,1
T103363,C1162,1507.73,4,2,203,0,0,insufficient_funds,1,0
T103364,C1670,507.4,7,0,1432,0,0,checkout_abandoned,0,1
T103365,C1594,1257.53,2,2,1016,1,1,authentication_failure,0,1
T103366,C1159,1701.69,1,1,473,0,1,authentication_failure,0,1
T103367,C1188,1551.15,5,1,1388,1,1,temporary_failure,0,1
T103368,C1060,3558.52,7,3,1206,1,0,technical_error,0,1
T103369,C1817,9396.93,4,0,1373,0,1,insufficient_funds,0,1
T103370,C1319,2216.2,7,0,202,0,1,temporary_failure,0,1
T103371,C1878,3242.49,11,3,1463,0,1,insufficient_funds,1,0
T103372,C1211,9023.59,3,0,396,1,1,temporary_failure,0,1
T103373,C1406,629.75,4,3,666,1,1,insufficient_funds,0,1
T103374,C1664,1477.3,3,1,1010,1,1,checkout_abandoned,0,1
T103375,C1109,935.89,5,2,1364,0,1,expired_method,0,1
T103376,C1076,2519.95,3,2,1462,0,0,expired_method,0,1
T103377,C1542,1642.07,9,1,804,0,1,insufficient_funds,1,1
T103378,C1314,725.0,6,0,1029,1,1,insufficient_funds,1,1
T103379,C1117,1350.47,6,0,1249,1,1,insufficient_funds,0,1
T103380,C1868,2937.14,6,0,1309,0,0,insufficient_funds,0,1
T103381,C1704,503.81,9,0,117,0,1,temporary_failure,0,1
T103382,C1019,736.56,6,1,265,1,0,insufficient_funds,0,1
T103383,C1432,658.22,10,4,1112,0,1,technical_error,0,1
T103384,C1685,1710.94,8,2,399,0,0,checkout_abandoned,1,1
T103385,C1740,3396.11,3,2,1375,0,0,expired_method,0,1
T103386,C1350,296.69,7,2,1338,0,1,authentication_failure,1,0
T103387,C1183,1437.7,0,1,734,0,1,expired_method,1,0
T103388,C1113,669.7,2,2,1242,0,0,temporary_failure,0,1
T103389,C1183,2847.09,3,1,1044,0,1,checkout_abandoned,0,1
T103390,C1481,1121.33,6,1,1179,0,0,temporary_failure,0,1
T103391,C1146,1477.35,5,1,1068,0,0,technical_error,0,1
T103392,C1831,1338.09,6,1,1384,0,1,expired_method,0,1
T103393,C1628,3112.45,3,1,549,0,0,checkout_abandoned,0,1
T103394,C1113,6225.9,6,0,865,0,1,expired_method,0,1
T103395,C1763,571.92,4,3,118,0,1,authentication_failure,0,1
T103396,C1476,655.62,5,2,33,1,0,temporary_failure,0,1
T103397,C1763,1704.66,7,2,508,0,1,temporary_failure,0,1
T103398,C1303,726.11,8,1,999,0,1,checkout_abandoned,0,1
T103399,C1825,2697.79,5,2,381,0,1,technical_error,0,1
T103400,C1118,3042.97,4,0,1198,1,1,technical_error,0,1
T103401,C1813,888.97,8,0,406,0,1,temporary_failure,1,1
T103402,C1161,755.48,7,1,281,0,1,checkout_abandoned,0,1
T103403,C1401,1089.98,2,1,1460,1,1,checkout_abandoned,0,1
T103404,C1198,1448.11,3,4,1106,0,1,expired_method,0,1
T103405,C1260,1696.17,7,0,59,1,0,insufficient_funds,0,1
T103406,C1660,247.25,4,0,80,1,1,insufficient_funds,0,1
T103407,C1752,648.34,6,1,501,1,1,insufficient_funds,0,1
T103408,C1047,989.23,8,3,483,1,1,checkout_abandoned,1,1
T103409,C1399,736.76,4,0,1234,0,0,insufficient_funds,0,1
T103410,C1710,156.25,2,0,33,1,1,expired_method,1,0
T103411,C1559,324.97,8,1,1002,0,0,temporary_failure,0,1
T103412,C1078,503.2,9,1,478,0,1,authentication_failure,0,1
T103413,C1124,1228.48,2,2,1470,0,1,temporary_failure,0,1
T103414,C1075,965.7,2,1,223,0,1,temporary_failure,0,1
T103415,C1871,834.07,6,0,1328,0,1,authentication_failure,0,1
T103416,C1137,2434.23,3,1,156,0,1,authentication_failure,0,1
T103417,C1602,2433.54,8,1,949,0,1,temporary_failure,0,1
T103418,C1400,1498.83,4,1,391,0,1,technical_error,0,1
T103419,C1837,1465.7,4,0,1462,1,1,checkout_abandoned,0,1
T103420,C1505,704.51,8,3,1449,0,1,authentication_failure,0,1
T103421,C1500,770.67,5,2,1038,0,1,checkout_abandoned,0,1
T103422,C1573,372.14,2,3,853,1,1,insufficient_funds,0,1
T103423,C1138,1109.8,6,0,881,1,0,insufficient_funds,0,1
T103424,C1050,2414.64,3,2,399,0,1,technical_error,0,1
T103425,C1771,3698.74,10,1,859,1,1,temporary_failure,0,1
T103426,C1619,1114.78,6,1,1040,0,0,checkout_abandoned,0,1
T103427,C1625,1936.72,5,3,732,0,1,insufficient_funds,0,1
T103428,C1862,157.28,6,4,792,1,1,insufficient_funds,0,1
T103429,C1254,968.07,3,1,1362,0,0,expired_method,1,1
T103430,C1630,951.2,10,1,1309,1,1,authentication_failure,0,1
T103431,C1710,4098.5,2,0,1273,0,0,authentication_failure,0,1
T103432,C1849,1798.49,2,1,836,1,1,temporary_failure,1,1
T103433,C1877,1940.48,4,2,13,0,1,insufficient_funds,1,0
T103434,C1563,1866.36,6,3,115,0,1,insufficient_funds,0,1
T103435,C1757,1385.87,4,1,49,1,1,checkout_abandoned,0,1
T103436,C1426,4227.11,2,1,586,1,0,insufficient_funds,0,1
T103437,C1547,237.71,7,3,556,1,1,insufficient_funds,0,1
T103438,C1302,1494.67,5,2,565,0,1,insufficient_funds,0,1
T103439,C1581,3125.51,9,1,1296,0,1,insufficient_funds,0,1
T103440,C1349,324.23,5,1,671,1,0,technical_error,1,0
T103441,C1832,2511.01,8,2,1312,0,0,expired_method,0,1
T103442,C1049,756.82,9,4,586,0,1,temporary_failure,1,1
T103443,C1074,1454.42,7,0,353,0,1,authentication_failure,0,1
T103444,C1704,746.0,3,2,797,1,1,authentication_failure,0,1
T103445,C1261,2750.02,5,3,173,0,0,technical_error,1,1
T103446,C1356,1078.93,5,2,411,1,1,temporary_failure,0,1
T103447,C1582,2525.89,4,2,494,0,1,insufficient_funds,0,1
T103448,C1602,1856.59,4,1,362,0,1,temporary_failure,0,1
T103449,C1260,738.53,4,1,682,1,0,insufficient_funds,0,1
T103450,C1638,1951.58,5,1,846,0,1,checkout_abandoned,0,1
T103451,C1743,814.3,11,0,1115,0,1,technical_error,0,1
T103452,C1295,1405.43,4,2,274,0,1,checkout_abandoned,0,1
T103453,C1641,1064.28,4,2,1075,0,1,insufficient_funds,0,1
T103454,C1792,2630.51,4,2,1000,1,0,authentication_failure,1,1
T103455,C1313,2008.7,4,0,1232,0,0,insufficient_funds,0,1
T103456,C1612,1308.92,5,4,1416,0,0,insufficient_funds,0,1
T103457,C1838,800.88,2,1,216,0,1,technical_error,0,1
T103458,C1809,517.11,6,1,119,1,1,temporary_failure,1,1
T103459,C1182,1482.88,12,1,1463,1,1,insufficient_funds,0,1
T103460,C1686,833.62,6,1,81,1,1,authentication_failure,0,1
T103461,C1828,327.5,6,1,417,0,0,checkout_abandoned,0,1
T103462,C1364,493.97,7,0,849,0,1,checkout_abandoned,0,1
T103463,C1188,4534.21,6,1,718,0,1,temporary_failure,0,1
T103464,C1569,816.49,6,1,288,0,1,expired_method,0,1
T103465,C1543,3015.81,4,1,1140,0,1,technical_error,1,0
T103466,C1596,1025.07,7,0,1472,1,0,expired_method,0,1
T103467,C1664,3393.72,4,2,60,1,1,temporary_failure,0,1
T103468,C1548,3214.33,6,1,1156,1,1,temporary_failure,0,1
T103469,C1725,721.06,4,2,440,0,0,technical_error,1,1
T103470,C1408,301.57,4,3,560,0,0,expired_method,0,1
T103471,C1876,321.34,7,0,333,0,0,authentication_failure,0,1
T103472,C1618,730.34,2,2,384,1,1,checkout_abandoned,0,1
T103473,C1414,5526.03,2,4,883,1,1,authentication_failure,1,0
T103474,C1342,984.45,10,0,557,1,1,expired_method,0,1
T103475,C1220,1493.58,6,2,1454,1,1,insufficient_funds,0,1
T103476,C1163,3559.95,4,0,947,1,1,checkout_abandoned,0,1
T103477,C1220,1454.97,4,2,385,0,0,authentication_failure,1,0
T103478,C1270,1417.88,3,2,118,0,1,temporary_failure,1,1
T103479,C1632,2136.66,2,1,500,1,0,temporary_failure,0,1
T103480,C1848,1663.58,2,2,1256,1,1,expired_method,0,1
T103481,C1400,1243.14,6,1,1052,1,0,expired_method,1,1
T103482,C1182,779.7,3,1,558,0,0,insufficient_funds,0,1
T103483,C1618,1420.65,3,1,1250,0,1,expired_method,0,1
T103484,C1729,3043.61,0,0,242,0,0,checkout_abandoned,0,1
T103485,C1205,5097.49,7,1,1443,0,1,insufficient_funds,0,1
T103486,C1582,1667.71,4,3,563,1,0,insufficient_funds,0,1
T103487,C1556,2359.89,5,2,1223,0,0,insufficient_funds,0,1
T103488,C1841,1639.75,3,2,972,1,1,expired_method,0,1
T103489,C1813,1254.51,4,1,1339,0,0,checkout_abandoned,0,1
T103490,C1228,1969.81,5,4,882,0,1,expired_method,0,1
T103491,C1696,3268.22,3,1,1486,0,1,authentication_failure,0,1
T103492,C1619,688.99,3,2,116,0,1,insufficient_funds,0,1
T103493,C1596,450.99,4,1,1258,1,0,temporary_failure,1,1
T103494,C1850,898.07,5,1,1419,0,0,temporary_failure,1,1
T103495,C1250,1569.87,5,1,69,0,1,temporary_failure,0,1
T103496,C1875,2571.91,2,3,381,1,1,checkout_abandoned,0,1
T103497,C1441,637.7,4,4,1175,0,1,expired_method,1,0
T103498,C1533,207.18,6,3,127,0,1,checkout_abandoned,1,1
T103499,C1196,914.08,6,2,689,0,1,insufficient_funds,0,1
T103500,C1690,1158.13,10,2,1225,1,1,temporary_failure,0,1
T103501,C1519,560.2,3,0,295,1,1,checkout_abandoned,0,1
T103502,C1070,759.71,6,0,28,1,0,technical_error,0,1
T103503,C1639,2566.92,5,2,1015,1,1,temporary_failure,0,1
T103504,C1399,1420.25,5,1,611,0,1,temporary_failure,0,1
T103505,C1672,1735.79,5,5,1023,0,1,checkout_abandoned,0,1
T103506,C1760,1025.81,1,0,125,1,1,technical_error,0,1
T103507,C1203,760.84,9,0,1073,1,1,technical_error,0,1
T103508,C1148,1020.27,6,1,1298,1,1,temporary_failure,0,1
T103509,C1472,1947.22,2,0,130,0,1,authentication_failure,0,1
T103510,C1655,437.69,2,0,631,0,0,authentication_failure,0,1
T103511,C1199,4617.59,10,2,373,0,1,authentication_failure,1,1
T103512,C1426,2061.41,6,0,214,0,1,insufficient_funds,0,1
T103513,C1666,896.13,4,0,495,0,1,expired_method,0,1
T103514,C1492,2465.27,3,1,680,1,1,authentication_failure,0,1
T103515,C1888,3350.15,7,1,855,0,1,checkout_abandoned,1,1
T103516,C1896,1045.5,7,0,104,0,1,insufficient_funds,0,1
T103517,C1142,1138.61,9,2,1432,1,1,insufficient_funds,0,1
T103518,C1313,4105.59,7,1,555,0,1,temporary_failure,0,1
T103519,C1165,6563.19,6,0,763,0,1,insufficient_funds,0,1
T103520,C1314,1369.33,5,1,339,1,1,temporary_failure,0,1
T103521,C1021,561.91,5,0,834,1,1,temporary_failure,0,1
T103522,C1082,941.1,5,1,670,0,0,checkout_abandoned,0,1
T103523,C1581,2906.67,4,3,624,1,1,authentication_failure,0,1
T103524,C1131,618.53,5,1,319,0,1,authentication_failure,0,1
T103525,C1599,1145.72,6,0,1250,1,1,technical_error,0,1
T103526,C1730,1668.1,8,3,686,0,0,expired_method,1,1
T103527,C1305,670.46,5,3,177,0,1,expired_method,0,1
T103528,C1371,3048.26,2,1,541,0,1,insufficient_funds,0,1
T103529,C1857,2254.03,3,1,1142,1,0,insufficient_funds,0,1
T103530,C1853,6046.04,5,0,208,1,1,insufficient_funds,0,1
T103531,C1384,2406.9,5,1,411,1,0,checkout_abandoned,0,1
T103532,C1445,651.54,3,0,754,0,1,temporary_failure,0,1
T103533,C1425,1993.76,5,0,181,1,1,insufficient_funds,0,1
T103534,C1161,2810.21,3,1,193,0,1,insufficient_funds,0,1
T103535,C1178,2920.79,10,0,26,0,0,temporary_failure,1,1
T103536,C1629,747.97,6,4,563,0,1,checkout_abandoned,0,1
T103537,C1708,683.86,3,2,976,0,1,temporary_failure,0,1
T103538,C1895,569.79,3,0,165,0,1,authentication_failure,0,1
T103539,C1490,4462.88,7,3,1054,1,1,temporary_failure,1,1
T103540,C1327,2137.0,5,0,1454,0,1,temporary_failure,0,1
T103541,C1598,723.49,8,1,1184,0,0,expired_method,0,1
T103542,C1289,1473.49,5,1,1144,1,1,insufficient_funds,0,1
T103543,C1593,1220.77,8,0,1348,0,1,checkout_abandoned,0,1
T103544,C1664,645.85,6,3,649,0,1,insufficient_funds,1,1
T103545,C1573,1376.28,6,1,467,0,0,technical_error,0,1
T103546,C1573,1545.37,8,1,1015,0,0,checkout_abandoned,0,1
T103547,C1354,5701.24,8,1,1085,1,0,temporary_failure,0,1
T103548,C1028,819.12,6,2,1306,1,1,temporary_failure,0,1
T103549,C1043,371.65,5,0,815,0,1,expired_method,1,1
T103550,C1681,609.89,3,0,394,0,1,expired_method,0,1
T103551,C1423,685.75,5,1,596,0,1,authentication_failure,0,1
T103552,C1598,972.44,4,0,938,0,1,temporary_failure,0,1
T103553,C1177,611.02,5,0,872,0,0,insufficient_funds,0,1
T103554,C1529,2481.43,3,1,1121,0,1,authentication_failure,0,1
T103555,C1610,579.97,4,2,1053,1,1,authentication_failure,0,1
T103556,C1494,1359.69,6,3,1464,0,1,insufficient_funds,0,1
T103557,C1198,6003.78,12,0,590,0,0,checkout_abandoned,0,1
T103558,C1610,2028.75,5,0,1203,0,0,authentication_failure,0,1
T103559,C1577,1878.2,8,1,675,0,1,technical_error,0,1
T103560,C1842,5393.7,9,0,826,0,0,checkout_abandoned,0,1
T103561,C1853,3409.21,5,3,115,1,1,insufficient_funds,0,1
T103562,C1517,2046.41,6,0,336,0,0,temporary_failure,0,1
T103563,C1514,1060.99,6,4,1252,0,1,temporary_failure,0,1
T103564,C1022,1316.83,0,1,795,0,1,temporary_failure,0,1
T103565,C1112,1269.68,5,3,274,0,1,temporary_failure,0,1
T103566,C1057,991.21,4,2,331,0,0,temporary_failure,0,1
T103567,C1066,1570.31,2,1,325,0,1,checkout_abandoned,0,1
T103568,C1842,1742.47,6,2,117,0,0,expired_method,0,1
T103569,C1098,526.65,5,1,550,0,1,expired_method,0,1
T103570,C1144,4555.23,4,0,1003,1,1,temporary_failure,0,1
T103571,C1880,1821.38,6,0,584,0,1,insufficient_funds,0,1
T103572,C1435,1099.83,3,2,247,1,1,authentication_failure,0,1
T103573,C1637,1581.11,10,1,1042,1,1,technical_error,0,1
T103574,C1679,2691.29,6,1,345,1,1,insufficient_funds,0,1
T103575,C1086,445.85,5,0,1355,0,0,temporary_failure,0,1
T103576,C1588,1237.94,6,2,10,1,1,temporary_failure,0,1
T103577,C1344,550.38,4,2,130,0,1,expired_method,0,1
T103578,C1294,9825.66,5,1,1042,0,1,temporary_failure,0,1
T103579,C1571,1485.7,3,1,322,1,0,checkout_abandoned,0,1
T103580,C1650,553.74,5,0,193,0,1,temporary_failure,0,1
T103581,C1611,19922.4,4,1,1271,0,1,temporary_failure,0,1
T103582,C1704,896.04,3,1,898,1,1,authentication_failure,0,1
T103583,C1243,1145.03,6,4,778,0,1,expired_method,0,1
T103584,C1831,1208.82,4,1,1029,1,1,technical_error,0,1
T103585,C1561,709.13,3,0,339,0,1,technical_error,0,1
T103586,C1032,1612.46,5,2,480,1,1,checkout_abandoned,0,1
T103587,C1391,255.17,4,1,831,1,1,expired_method,0,1
T103588,C1277,3024.27,1,1,1052,1,1,temporary_failure,0,1
T103589,C1532,574.87,3,2,1051,1,1,expired_method,0,1
T103590,C1154,980.94,5,0,1313,0,1,expired_method,0,1
T103591,C1383,2353.46,6,3,136,0,0,temporary_failure,1,1
T103592,C1068,1149.01,3,1,1341,0,1,temporary_failure,0,1
T103593,C1878,1184.81,5,2,1247,1,0,authentication_failure,0,1
T103594,C1884,627.0,3,2,1309,0,1,expired_method,0,1
T103595,C1214,6449.36,7,2,1030,1,1,authentication_failure,0,1
T103596,C1655,1995.42,5,0,1362,0,1,insufficient_funds,0,1
T103597,C1376,594.61,4,3,709,0,0,technical_error,1,0
T103598,C1744,1530.94,9,1,25,0,1,checkout_abandoned,0,1
T103599,C1213,563.91,2,2,662,1,1,temporary_failure,0,1
T103600,C1079,4874.68,2,0,446,1,1,authentication_failure,0,1
T103601,C1726,1555.77,6,1,15,1,1,authentication_failure,1,1
T103602,C1628,644.41,12,2,290,1,0,technical_error,1,1
T103603,C1604,2260.16,2,1,24,0,1,authentication_failure,0,1
T103604,C1782,1087.29,6,0,1343,0,1,temporary_failure,0,1
T103605,C1381,509.7,3,0,475,1,1,expired_method,0,1
T103606,C1680,1782.52,6,2,1460,0,1,authentication_failure,0,1
T103607,C1058,1745.21,9,2,395,1,0,technical_error,0,1
T103608,C1796,3144.15,4,0,771,0,1,technical_error,0,1
T103609,C1026,1405.82,5,1,883,0,1,expired_method,0,1
T103610,C1881,1451.42,5,2,1305,1,1,checkout_abandoned,0,1
T103611,C1447,1510.35,2,2,1228,1,0,insufficient_funds,0,1
T103612,C1066,4431.36,4,0,247,0,1,insufficient_funds,1,0
T103613,C1760,1061.51,7,2,935,0,0,expired_method,1,1
T103614,C1254,1904.72,5,0,480,1,1,authentication_failure,1,0
T103615,C1899,2127.19,5,1,1136,1,1,authentication_failure,0,1
T103616,C1044,1741.2,6,2,1276,1,1,expired_method,0,1
T103617,C1097,1031.81,5,2,1026,0,0,checkout_abandoned,0,1
T103618,C1554,1466.23,3,1,224,0,1,expired_method,0,1
T103619,C1227,1248.57,5,0,908,0,1,authentication_failure,0,1
T103620,C1774,5822.05,6,0,86,0,1,expired_method,1,1
T103621,C1679,950.2,5,0,393,0,1,temporary_failure,0,1
T103622,C1436,675.58,5,2,956,0,1,temporary_failure,0,1
T103623,C1791,1333.22,9,0,130,1,0,authentication_failure,0,1
T103624,C1601,1264.56,6,1,753,0,1,checkout_abandoned,0,1
T103625,C1379,1552.52,4,0,154,1,1,insufficient_funds,0,1
T103626,C1178,950.43,5,3,1126,1,1,expired_method,1,1
T103627,C1427,1455.03,7,1,494,0,1,expired_method,0,1
T103628,C1709,1476.17,6,1,846,0,1,authentication_failure,0,1
T103629,C1307,2642.53,6,1,514,0,0,insufficient_funds,0,1
T103630,C1779,1436.2,4,1,1355,1,1,temporary_failure,1,0
T103631,C1504,1446.43,6,1,1108,1,1,checkout_abandoned,1,1
T103632,C1268,1972.9,5,1,472,0,0,temporary_failure,0,1
T103633,C1586,2567.64,7,1,160,1,1,authentication_failure,0,1
T103634,C1008,640.5,7,1,1168,0,1,expired_method,1,1
T103635,C1508,523.62,2,1,948,0,0,insufficient_funds,0,1
T103636,C1476,4777.2,9,3,1223,0,1,technical_error,0,1
T103637,C1297,2271.18,7,0,1067,1,0,temporary_failure,0,1
T103638,C1164,1136.22,6,1,1391,0,1,checkout_abandoned,0,1
T103639,C1485,1359.37,4,4,1138,0,0,temporary_failure,0,1
T103640,C1597,997.83,5,0,378,0,1,technical_error,0,1
T103641,C1072,1569.42,3,1,181,0,0,temporary_failure,1,0
T103642,C1567,646.21,3,1,1103,1,0,checkout_abandoned,0,1
T103643,C1559,2515.24,8,0,729,0,1,temporary_failure,0,1
T103644,C1238,1527.81,4,2,448,0,0,expired_method,0,1
T103645,C1104,1569.83,5,1,1355,1,1,authentication_failure,0,1
T103646,C1210,685.09,6,1,579,1,1,authentication_failure,0,1
T103647,C1554,1984.65,4,3,1153,0,1,authentication_failure,0,1
T103648,C1828,696.99,4,2,692,0,1,expired_method,0,1
T103649,C1468,797.03,4,2,120,0,0,authentication_failure,0,1
T103650,C1454,1430.41,4,0,1289,1,1,insufficient_funds,0,1
T103651,C1268,8782.35,6,1,1455,1,1,insufficient_funds,0,1
T103652,C1386,1523.25,4,1,165,0,1,insufficient_funds,0,1
T103653,C1775,195.08,5,1,1218,1,0,temporary_failure,0,1
T103654,C1848,827.26,5,2,562,0,0,checkout_abandoned,0,1
T103655,C1387,2236.79,7,3,722,1,0,technical_error,0,1
T103656,C1877,574.59,2,0,994,0,1,temporary_failure,0,1
T103657,C1259,2498.2,2,1,1270,0,1,insufficient_funds,0,1
T103658,C1283,1508.87,6,2,1478,1,0,insufficient_funds,0,1
T103659,C1626,2817.19,4,0,1358,0,0,insufficient_funds,0,1
T103660,C1875,880.83,5,1,1410,1,1,temporary_failure,0,1
T103661,C1040,830.82,2,1,858,1,0,checkout_abandoned,0,1
T103662,C1486,2046.2,3,1,512,1,0,technical_error,0,1
T103663,C1220,1331.89,5,0,466,1,1,temporary_failure,0,1
T103664,C1129,1272.81,7,2,416,0,0,technical_error,0,1
T103665,C1520,4344.77,6,1,701,1,0,technical_error,0,1
T103666,C1613,2107.18,8,2,1028,0,1,insufficient_funds,0,1
T103667,C1892,301.13,2,2,1121,0,1,expired_method,0,1
T103668,C1688,2438.9,4,1,1138,0,0,temporary_failure,0,1
T103669,C1619,2262.5,6,2,1491,1,1,insufficient_funds,0,1
T103670,C1613,3257.4,7,1,893,0,0,insufficient_funds,1,1
T103671,C1260,661.97,4,2,975,1,1,authentication_failure,0,1
T103672,C1366,1708.9,7,3,266,0,0,checkout_abandoned,0,1
T103673,C1758,1456.4,6,0,1167,0,1,technical_error,0,1
T103674,C1787,653.13,10,1,961,1,1,checkout_abandoned,0,1
T103675,C1544,2724.59,9,2,1318,0,1,technical_error,1,1
T103676,C1649,1117.49,4,1,396,1,0,insufficient_funds,0,1
T103677,C1524,3179.72,4,3,905,0,1,temporary_failure,1,1
T103678,C1814,767.28,2,2,630,1,0,temporary_failure,0,1
T103679,C1887,447.9,6,1,353,1,1,expired_method,0,1
T103680,C1016,1116.64,3,2,435,0,1,authentication_failure,0,1
T103681,C1129,1593.89,8,1,1170,0,0,expired_method,0,1
T103682,C1575,897.27,5,1,858,0,1,temporary_failure,1,1
T103683,C1109,134.51,3,1,756,0,0,technical_error,0,1
T103684,C1887,1786.01,6,1,303,1,1,technical_error,1,0
T103685,C1533,1779.76,2,2,1075,0,0,temporary_failure,0,1
T103686,C1670,2242.56,7,1,1083,1,1,temporary_failure,0,1
T103687,C1269,1006.9,3,1,791,0,1,insufficient_funds,0,1
T103688,C1162,966.53,4,3,1206,0,1,expired_method,0,1
T103689,C1260,3945.15,4,0,298,0,1,checkout_abandoned,0,1
T103690,C1102,410.94,12,1,1195,0,1,authentication_failure,0,1
T103691,C1506,1112.83,5,2,588,0,1,temporary_failure,0,1
T103692,C1735,1490.29,6,2,1373,0,0,insufficient_funds,0,1
T103693,C1571,2110.15,2,1,332,1,0,expired_method,0,1
T103694,C1247,1521.31,8,1,335,1,0,technical_error,0,1
T103695,C1640,670.82,10,2,742,0,1,insufficient_funds,0,1
T103696,C1795,3215.41,1,2,1200,0,1,technical_error,0,1
T103697,C1837,1341.35,2,0,744,1,1,temporary_failure,0,1
T103698,C1537,383.37,4,1,176,1,1,temporary_failure,0,1
T103699,C1131,1566.94,8,1,1402,0,1,expired_method,0,1
T103700,C1353,1913.06,5,1,94,1,0,technical_error,0,1
T103701,C1196,5828.75,5,0,124,0,1,insufficient_funds,0,1
T103702,C1793,1819.95,3,1,874,0,0,checkout_abandoned,0,1
T103703,C1666,440.75,6,0,1083,0,1,expired_method,0,1
T103704,C1382,452.52,5,1,467,1,1,temporary_failure,0,1
T103705,C1645,3442.77,8,2,381,0,1,expired_method,1,1
T103706,C1227,733.55,4,2,1251,0,1,authentication_failure,0,1
T103707,C1701,418.98,3,0,268,1,1,technical_error,0,1
T103708,C1476,2836.66,4,0,825,1,1,insufficient_funds,0,1
T103709,C1477,937.48,3,0,1403,0,1,temporary_failure,0,1
T103710,C1265,2725.1,2,1,1129,1,1,authentication_failure,0,1
T103711,C1372,674.49,1,0,234,1,1,temporary_failure,0,1
T103712,C1486,4045.5,4,2,1374,0,1,insufficient_funds,1,1
T103713,C1434,2576.14,8,0,1460,0,1,temporary_failure,0,1
T103714,C1646,778.98,5,1,493,0,1,checkout_abandoned,0,1
T103715,C1211,385.56,3,1,1317,1,1,checkout_abandoned,0,1
T103716,C1572,7546.75,3,2,357,1,1,insufficient_funds,0,1
T103717,C1377,1144.07,6,1,350,0,1,temporary_failure,0,1
T103718,C1395,755.93,5,0,708,0,1,expired_method,0,1
T103719,C1450,3788.52,1,0,1407,1,1,temporary_failure,0,1
T103720,C1364,2722.54,5,1,422,1,1,insufficient_funds,0,1
T103721,C1876,3252.23,2,0,1015,0,0,temporary_failure,0,1
T103722,C1457,1244.04,4,3,1451,0,1,technical_error,0,1
T103723,C1725,5490.59,8,0,842,1,1,technical_error,0,1
T103724,C1728,501.22,1,2,925,0,0,temporary_failure,0,1
T103725,C1226,885.33,7,2,291,1,1,authentication_failure,0,1
T103726,C1131,1794.37,6,1,1276,0,0,authentication_failure,1,0
T103727,C1588,3216.61,1,1,548,1,1,expired_method,0,1
T103728,C1476,2199.24,5,1,672,0,0,temporary_failure,0,1
T103729,C1798,1258.72,10,0,208,1,1,temporary_failure,0,1
T103730,C1277,937.9,7,1,799,0,1,checkout_abandoned,0,1
T103731,C1156,3229.66,6,2,1464,1,1,expired_method,0,1
T103732,C1760,2376.29,6,3,236,0,0,authentication_failure,1,1
T103733,C1218,695.14,4,1,1016,0,1,technical_error,0,1
T103734,C1190,679.8,6,1,1229,0,1,authentication_failure,1,1
T103735,C1417,889.7,5,0,742,1,1,technical_error,0,1
T103736,C1675,808.09,4,1,878,1,1,authentication_failure,0,1
T103737,C1692,2899.75,8,0,237,1,1,expired_method,0,1
T103738,C1546,1857.15,7,1,76,0,1,technical_error,1,1
T103739,C1041,2035.18,3,0,1358,0,1,expired_method,0,1
T103740,C1307,1546.5,10,1,347,0,0,technical_error,0,1
T103741,C1338,1602.11,4,1,619,0,1,insufficient_funds,0,1
T103742,C1314,408.97,4,1,1019,1,0,technical_error,1,0
T103743,C1075,2429.98,7,0,123,0,0,temporary_failure,0,1
T103744,C1279,877.77,5,2,113,0,1,temporary_failure,0,1
T103745,C1176,1306.53,5,1,437,1,0,temporary_failure,0,1
T103746,C1896,939.29,5,0,512,1,0,temporary_failure,0,1
T103747,C1662,1494.29,2,2,1340,1,0,checkout_abandoned,0,1
T103748,C1273,2058.68,3,0,1226,1,1,expired_method,0,1
T103749,C1837,628.51,4,0,223,0,0,authentication_failure,0,1
T103750,C1620,1619.0,2,3,966,1,1,authentication_failure,0,1
T103751,C1651,956.47,2,1,154,0,1,authentication_failure,0,1
T103752,C1862,3608.67,4,1,618,0,1,checkout_abandoned,0,1
T103753,C1783,580.58,1,2,67,0,0,temporary_failure,0,1
T103754,C1859,631.51,1,0,687,0,1,temporary_failure,0,1
T103755,C1289,1022.82,5,2,590,0,1,temporary_failure,0,1
T103756,C1724,668.99,3,0,132,0,1,temporary_failure,1,1
T103757,C1893,1131.97,3,1,558,1,1,expired_method,0,1
T103758,C1272,901.52,5,3,244,1,1,technical_error,1,1
T103759,C1066,1431.26,4,1,500,1,1,expired_method,0,1
T103760,C1483,2852.79,3,0,84,1,1,insufficient_funds,0,1
T103761,C1248,1412.98,0,1,304,1,1,checkout_abandoned,0,1
T103762,C1156,1512.87,7,0,509,0,1,technical_error,0,1
T103763,C1047,606.08,6,2,695,0,1,technical_error,0,1
T103764,C1454,1211.31,5,2,1151,0,0,checkout_abandoned,1,1
T103765,C1201,976.22,5,2,665,1,1,insufficient_funds,0,1
T103766,C1660,2233.29,4,0,353,1,1,expired_method,0,1
T103767,C1124,754.89,7,3,168,0,1,authentication_failure,1,1
T103768,C1001,702.4,8,2,791,0,1,temporary_failure,0,1
T103769,C1759,1699.47,3,1,56,0,1,temporary_failure,0,1
T103770,C1855,5914.0,4,0,372,0,1,technical_error,0,1
T103771,C1640,1173.84,6,1,1366,1,1,insufficient_funds,0,1
T103772,C1191,1519.53,4,0,623,0,0,insufficient_funds,0,1
T103773,C1579,2727.16,5,1,794,1,0,authentication_failure,0,1
T103774,C1516,1963.39,6,0,1013,1,1,insufficient_funds,0,1
T103775,C1442,1973.1,2,0,1413,0,0,insufficient_funds,0,1
T103776,C1815,1247.14,11,1,1157,1,1,technical_error,1,1
T103777,C1806,1265.47,5,3,1197,1,1,checkout_abandoned,0,1
T103778,C1143,760.24,5,2,894,1,1,temporary_failure,0,1
T103779,C1191,1929.04,5,0,179,1,0,expired_method,0,1
T103780,C1533,1896.31,3,2,603,0,1,authentication_failure,0,1
T103781,C1227,2293.59,4,0,1180,1,1,insufficient_funds,0,1
T103782,C1313,928.83,8,1,832,0,1,checkout_abandoned,1,1
T103783,C1629,2496.39,6,2,521,1,1,checkout_abandoned,0,1
T103784,C1302,3133.8,6,2,1191,0,1,checkout_abandoned,1,1
T103785,C1654,538.9,7,0,1365,1,1,technical_error,1,1
T103786,C1460,1072.07,5,2,1236,0,0,checkout_abandoned,1,1
T103787,C1401,3233.33,8,2,1153,0,1,expired_method,0,1
T103788,C1551,822.9,5,1,38,1,0,technical_error,1,0
T103789,C1393,1991.36,2,0,972,1,1,expired_method,0,1
T103790,C1867,1348.07,1,2,171,1,1,technical_error,1,0
T103791,C1764,1716.7,6,0,1000,0,0,checkout_abandoned,0,1
T103792,C1845,1379.25,8,2,568,1,0,temporary_failure,1,1
T103793,C1207,2344.03,6,0,109,1,1,checkout_abandoned,0,1
T103794,C1210,622.57,4,2,66,0,1,insufficient_funds,0,1
T103795,C1115,675.2,6,1,492,1,1,technical_error,0,1
T103796,C1737,4017.38,4,1,1178,0,1,insufficient_funds,1,0
T103797,C1646,6472.21,2,0,875,1,0,temporary_failure,0,1
T103798,C1251,1334.0,2,3,1187,0,0,expired_method,0,1
T103799,C1219,4848.62,2,1,1414,1,0,insufficient_funds,1,1
T103800,C1407,750.82,7,2,659,1,1,authentication_failure,0,1
T103801,C1443,899.02,4,0,48,1,0,temporary_failure,0,1
T103802,C1603,3996.27,6,0,1181,1,1,insufficient_funds,1,1
T103803,C1354,2448.13,5,1,1265,1,1,insufficient_funds,1,1
T103804,C1888,4468.55,4,1,122,0,1,checkout_abandoned,0,1
T103805,C1558,1903.44,2,0,660,0,1,expired_method,0,1
T103806,C1550,626.78,6,3,1439,0,1,insufficient_funds,0,1
T103807,C1142,1583.96,5,0,1185,0,0,expired_method,0,1
T103808,C1612,3299.42,3,0,1275,0,1,authentication_failure,0,1
T103809,C1501,1212.51,5,2,411,1,1,checkout_abandoned,0,1
T103810,C1840,1080.5,1,1,1297,0,0,authentication_failure,0,1
T103811,C1702,1925.4,4,2,390,1,1,insufficient_funds,1,0
T103812,C1547,880.39,6,1,87,0,0,authentication_failure,0,1
T103813,C1659,1671.75,1,3,1336,0,1,expired_method,0,1
T103814,C1542,1404.77,5,4,1249,0,0,temporary_failure,0,1
T103815,C1846,927.22,4,0,640,0,0,expired_method,0,1
T103816,C1507,2794.9,7,0,238,0,0,insufficient_funds,0,1
T103817,C1596,2174.36,8,1,1185,1,0,insufficient_funds,1,1
T103818,C1881,1027.36,3,1,1129,0,0,checkout_abandoned,0,1
T103819,C1281,1324.49,4,1,494,0,1,technical_error,0,1
T103820,C1424,1092.85,8,2,686,0,1,expired_method,0,1
T103821,C1856,829.66,1,1,1016,0,1,temporary_failure,0,1
T103822,C1270,374.76,5,1,1418,1,0,temporary_failure,0,1
T103823,C1154,931.81,9,1,1273,0,0,temporary_failure,1,1
T103824,C1614,838.81,5,0,869,0,0,technical_error,1,1
T103825,C1727,1459.97,3,1,1306,0,1,technical_error,1,1
T103826,C1662,1864.08,3,0,1079,1,1,temporary_failure,0,1
T103827,C1083,733.89,4,2,600,0,0,expired_method,1,1
T103828,C1622,1772.46,3,0,1495,0,1,authentication_failure,0,1
T103829,C1899,653.81,4,1,1022,0,1,temporary_failure,0,1
T103830,C1426,1219.3,9,2,360,1,0,authentication_failure,1,0
T103831,C1275,852.51,7,1,683,0,1,checkout_abandoned,0,1
T103832,C1713,2344.04,5,4,268,0,1,technical_error,0,1
T103833,C1284,1462.03,5,0,65,1,0,checkout_abandoned,0,1
T103834,C1173,1233.21,2,1,1091,0,0,temporary_failure,0,1
T103835,C1327,838.04,7,0,1480,1,1,expired_method,1,1
T103836,C1718,1046.67,3,0,1259,0,1,technical_error,1,1
T103837,C1063,5280.6,5,3,273,0,0,temporary_failure,1,0
T103838,C1073,919.83,2,1,1237,1,0,insufficient_funds,0,1
T103839,C1763,1918.99,2,0,1490,0,1,expired_method,0,1
T103840,C1636,1230.92,4,0,547,1,0,temporary_failure,0,1
T103841,C1375,1878.29,4,1,963,1,1,expired_method,0,1
T103842,C1633,2509.23,8,0,431,0,1,temporary_failure,0,1
T103843,C1508,1027.12,9,0,1082,0,0,technical_error,0,1
T103844,C1787,2280.91,10,1,452,0,1,temporary_failure,0,1
T103845,C1398,10588.03,8,2,1244,0,1,authentication_failure,0,1
T103846,C1120,2050.12,10,2,30,0,1,technical_error,0,1
T103847,C1437,4492.6,2,2,406,1,1,technical_error,0,1
T103848,C1829,1921.35,7,4,364,0,0,authentication_failure,0,1
T103849,C1676,665.83,6,1,396,1,1,expired_method,0,1
T103850,C1465,1647.1,6,2,1122,0,1,expired_method,0,1
T103851,C1286,1045.46,6,5,937,0,0,checkout_abandoned,0,1
T103852,C1265,856.66,5,1,488,1,1,technical_error,0,1
T103853,C1320,1268.46,4,3,1169,0,1,temporary_failure,0,1
T103854,C1673,1192.66,4,0,16,0,1,checkout_abandoned,0,1
T103855,C1376,604.9,4,2,749,1,1,temporary_failure,0,1
T103856,C1820,10212.28,3,0,108,0,0,expired_method,0,1
T103857,C1089,2455.05,6,1,708,1,1,insufficient_funds,0,1
T103858,C1654,1608.88,4,1,139,0,0,expired_method,0,1
T103859,C1203,1432.83,8,1,1358,0,0,authentication_failure,0,1
T103860,C1821,3300.28,4,1,693,0,1,insufficient_funds,0,1
T103861,C1739,6352.97,5,1,1099,1,1,temporary_failure,0,1
T103862,C1334,2239.07,6,3,27,1,0,insufficient_funds,1,1
T103863,C1222,1466.88,4,1,728,0,1,temporary_failure,0,1
T103864,C1041,4041.95,5,0,1177,0,1,checkout_abandoned,0,1
T103865,C1708,1490.35,1,0,277,0,0,insufficient_funds,0,1
T103866,C1068,1856.57,2,1,373,0,0,technical_error,1,1
T103867,C1776,2837.73,4,5,325,0,1,temporary_failure,0,1
T103868,C1514,1002.39,3,1,493,0,1,checkout_abandoned,0,1
T103869,C1873,282.34,2,2,997,0,1,expired_method,0,1
T103870,C1637,966.51,5,0,319,0,1,expired_method,0,1
T103871,C1622,2391.68,7,1,1073,1,0,expired_method,1,1
T103872,C1598,2268.59,5,3,692,1,0,expired_method,0,1
T103873,C1632,3666.54,2,0,511,0,1,insufficient_funds,0,1
T103874,C1127,994.64,8,1,13,0,0,temporary_failure,0,1
T103875,C1255,4383.9,4,2,469,1,0,checkout_abandoned,0,1
T103876,C1695,1538.87,3,0,996,1,0,technical_error,0,1
T103877,C1016,2107.61,3,1,416,1,1,temporary_failure,0,1
T103878,C1477,2637.82,8,2,179,0,0,checkout_abandoned,1,1
T103879,C1062,475.21,5,0,868,1,0,temporary_failure,0,1
T103880,C1881,630.38,3,1,818,1,0,checkout_abandoned,0,1
T103881,C1432,614.88,10,0,1433,0,1,authentication_failure,0,1
T103882,C1670,2993.39,4,1,617,1,0,expired_method,0,1
T103883,C1268,1065.19,3,0,557,1,0,authentication_failure,0,1
T103884,C1035,6128.38,6,0,1306,0,1,insufficient_funds,1,1
T103885,C1779,1342.83,2,2,191,0,1,authentication_failure,0,1
T103886,C1576,444.29,7,0,475,0,0,insufficient_funds,0,1
T103887,C1494,808.91,2,2,356,0,1,checkout_abandoned,0,1
T103888,C1562,1462.69,7,1,912,0,1,temporary_failure,0,1
T103889,C1469,1971.19,5,1,434,1,1,expired_method,0,1
T103890,C1767,639.94,9,1,879,0,1,insufficient_funds,0,1
T103891,C1661,2051.57,3,1,639,0,0,authentication_failure,0,1
T103892,C1325,2506.54,4,1,349,0,0,temporary_failure,0,1
T103893,C1304,828.23,5,3,261,0,1,temporary_failure,0,1
T103894,C1276,5865.65,4,1,108,1,1,temporary_failure,0,1
T103895,C1869,898.3,7,0,504,0,1,insufficient_funds,0,1
T103896,C1684,632.76,7,0,1322,0,1,expired_method,0,1
T103897,C1201,425.42,3,3,772,0,1,insufficient_funds,0,1
T103898,C1445,3345.86,5,2,609,0,0,insufficient_funds,1,1
T103899,C1324,1362.62,7,1,1320,1,0,expired_method,1,1
T103900,C1035,934.99,8,2,804,0,0,checkout_abandoned,1,1
T103901,C1482,443.37,3,2,1082,0,0,authentication_failure,0,1
T103902,C1728,1000.31,3,2,594,0,0,authentication_failure,0,1
T103903,C1480,7991.1,8,0,1227,0,1,expired_method,0,1
T103904,C1065,268.17,2,1,719,0,0,checkout_abandoned,1,1
T103905,C1008,834.02,5,2,424,1,1,temporary_failure,0,1
T103906,C1301,5138.87,5,2,674,0,1,insufficient_funds,1,1
T103907,C1343,3417.72,3,3,1049,0,0,temporary_failure,0,1
T103908,C1431,873.08,7,0,118,0,1,temporary_failure,0,1
T103909,C1424,1560.4,4,1,1423,0,0,temporary_failure,0,1
T103910,C1332,1895.43,4,0,96,0,1,insufficient_funds,0,1
T103911,C1438,1480.86,4,1,376,0,1,authentication_failure,1,1
T103912,C1588,5106.85,5,0,666,0,1,expired_method,0,1
T103913,C1174,1728.17,7,2,18,0,0,temporary_failure,0,1
T103914,C1559,3138.93,2,1,1379,1,0,checkout_abandoned,0,1
T103915,C1527,1534.87,5,2,1479,0,1,temporary_failure,0,1
T103916,C1873,291.69,7,1,1302,0,0,checkout_abandoned,0,1
T103917,C1659,547.68,5,0,912,0,1,temporary_failure,0,1
T103918,C1026,639.92,0,4,539,1,1,expired_method,0,1
T103919,C1820,1111.02,4,2,1134,0,1,authentication_failure,0,1
T103920,C1605,6366.54,0,4,1078,0,1,technical_error,1,0
T103921,C1406,1757.78,3,1,417,0,1,checkout_abandoned,0,1
T103922,C1232,1237.27,9,3,1321,1,0,insufficient_funds,1,0
T103923,C1533,3391.13,3,2,1040,1,1,checkout_abandoned,0,1
T103924,C1819,450.83,5,0,285,1,1,insufficient_funds,1,1
T103925,C1550,927.72,5,3,758,0,1,checkout_abandoned,0,1
T103926,C1788,830.48,6,2,1003,1,1,checkout_abandoned,0,1
T103927,C1505,1805.39,2,0,899,1,1,technical_error,0,1
T103928,C1669,2622.48,6,2,412,0,1,temporary_failure,0,1
T103929,C1179,1907.62,5,2,375,1,1,expired_method,0,1
T103930,C1132,1930.41,5,2,711,1,0,temporary_failure,0,1
T103931,C1823,1021.64,4,2,1047,0,1,authentication_failure,0,1
T103932,C1455,1703.72,5,3,937,1,0,authentication_failure,0,1
T103933,C1348,713.46,2,0,877,0,1,temporary_failure,1,0
T103934,C1540,2220.76,4,1,698,0,1,insufficient_funds,0,1
T103935,C1772,920.16,1,0,611,0,0,authentication_failure,0,1
T103936,C1406,577.59,5,3,989,0,1,authentication_failure,1,1
T103937,C1076,1377.97,6,3,744,1,0,temporary_failure,0,1
T103938,C1579,318.99,3,2,1447,1,1,technical_error,1,1
T103939,C1854,4047.19,3,2,145,0,1,temporary_failure,0,1
T103940,C1492,2435.3,3,0,1368,1,1,technical_error,1,0
T103941,C1194,1724.56,7,1,891,1,1,expired_method,0,1
T103942,C1162,396.33,10,1,147,0,1,expired_method,0,1
T103943,C1347,792.23,10,1,429,0,0,insufficient_funds,0,1
T103944,C1361,1380.8,11,1,33,1,1,authentication_failure,0,1
T103945,C1769,1099.57,4,0,1274,1,1,temporary_failure,0,1
T103946,C1584,377.5,5,1,522,1,0,expired_method,0,1
T103947,C1087,499.04,5,1,1023,0,1,technical_error,0,1
T103948,C1262,1083.2,2,2,339,0,1,technical_error,0,1
T103949,C1214,511.59,6,1,1391,1,0,temporary_failure,1,0
T103950,C1665,3746.36,6,3,467,1,0,insufficient_funds,0,1
T103951,C1722,1940.89,7,2,426,1,0,temporary_failure,0,1
T103952,C1573,733.19,8,0,751,0,1,insufficient_funds,0,1
T103953,C1780,3219.13,5,3,86,0,1,expired_method,0,1
T103954,C1262,2767.72,6,4,1095,0,1,expired_method,0,1
T103955,C1730,1663.57,5,0,693,0,0,authentication_failure,1,0
T103956,C1283,1300.25,3,3,184,0,0,expired_method,1,1
T103957,C1648,1070.78,3,2,456,1,1,insufficient_funds,0,1
T103958,C1467,893.41,2,1,31,0,1,technical_error,1,0
T103959,C1380,491.47,3,0,1167,0,1,checkout_abandoned,1,1
T103960,C1362,4214.33,4,2,946,1,1,expired_method,1,1
T103961,C1449,906.52,12,2,533,0,1,expired_method,0,1
T103962,C1441,1368.06,7,1,978,0,1,authentication_failure,0,1
T103963,C1093,676.76,8,1,1486,0,1,checkout_abandoned,0,1
T103964,C1621,1102.58,3,1,908,1,0,technical_error,0,1
T103965,C1753,11362.61,6,2,109,0,1,insufficient_funds,0,1
T103966,C1867,777.05,6,0,851,1,1,insufficient_funds,0,1
T103967,C1424,3969.7,6,2,785,0,1,checkout_abandoned,1,1
T103968,C1142,1311.79,3,0,1234,1,1,temporary_failure,0,1
T103969,C1291,2230.44,5,0,193,0,1,technical_error,0,1
T103970,C1432,3406.48,6,0,1180,1,0,temporary_failure,0,1
T103971,C1749,1642.87,4,2,288,1,0,authentication_failure,1,1
T103972,C1852,1028.87,6,1,308,1,1,authentication_failure,0,1
T103973,C1824,1164.95,5,1,289,1,0,expired_method,0,1
T103974,C1689,1194.73,8,0,396,1,1,temporary_failure,0,1
T103975,C1653,5422.31,7,1,234,0,0,checkout_abandoned,1,1
T103976,C1701,440.06,4,1,407,0,1,temporary_failure,0,1
T103977,C1049,354.94,5,0,1450,0,1,temporary_failure,0,1
T103978,C1302,373.14,3,2,864,0,1,insufficient_funds,0,1
T103979,C1881,685.09,5,1,164,1,0,technical_error,0,1
T103980,C1190,2264.39,10,0,661,0,1,temporary_failure,0,1
T103981,C1136,2370.99,4,1,1079,0,1,insufficient_funds,1,1
T103982,C1555,849.27,6,2,1144,0,0,expired_method,0,1
T103983,C1404,1311.11,5,1,720,1,1,authentication_failure,0,1
T103984,C1892,579.85,4,0,237,1,0,technical_error,0,1
T103985,C1865,621.62,1,1,311,0,1,expired_method,0,1
T103986,C1602,2069.16,8,0,1115,1,0,technical_error,0,1
T103987,C1807,2938.82,5,3,1177,1,1,technical_error,1,1
T103988,C1341,936.72,3,1,579,1,0,authentication_failure,1,0
T103989,C1757,4565.4,4,1,151,0,1,checkout_abandoned,0,1
T103990,C1704,2763.36,3,4,1374,1,0,technical_error,0,1
T103991,C1318,4419.56,6,3,436,0,1,checkout_abandoned,0,1
T103992,C1618,1068.8,7,2,484,1,1,expired_method,0,1
T103993,C1363,4190.25,6,1,546,0,1,checkout_abandoned,1,1
T103994,C1822,6868.2,4,1,1176,1,1,expired_method,0,1
T103995,C1382,983.0,1,3,1447,1,1,technical_error,0,1
T103996,C1233,1193.18,5,3,1077,0,0,expired_method,0,1
T103997,C1777,658.0,4,1,914,1,1,insufficient_funds,0,1
T103998,C1344,567.84,4,1,869,0,1,authentication_failure,0,1
T103999,C1549,572.83,9,3,250,0,1,insufficient_funds,0,1
T104000,C1817,728.8,4,1,1115,0,0,checkout_abandoned,0,1
T104001,C1553,1645.92,2,2,404,1,0,technical_error,0,1
T104002,C1529,752.27,2,1,1099,0,1,temporary_failure,0,1
T104003,C1856,1608.6,5,0,287,1,1,temporary_failure,0,1
T104004,C1789,1633.75,4,0,608,1,1,authentication_failure,0,1
T104005,C1819,941.44,5,3,934,0,0,authentication_failure,1,1
T104006,C1571,1277.96,4,4,867,0,1,expired_method,0,1
T104007,C1183,901.51,6,3,562,0,0,checkout_abandoned,0,1
T104008,C1041,1060.98,6,1,900,1,1,checkout_abandoned,1,1
T104009,C1551,730.23,7,7,1382,1,1,expired_method,0,1
T104010,C1397,1426.64,11,0,747,0,0,authentication_failure,0,1
T104011,C1704,853.71,3,2,57,1,1,authentication_failure,0,1
T104012,C1779,558.61,7,0,292,0,1,expired_method,0,1
T104013,C1494,2090.32,6,1,1383,0,1,technical_error,0,1
T104014,C1659,2144.09,2,2,750,0,1,expired_method,0,1
T104015,C1333,3083.36,2,2,1442,0,0,authentication_failure,1,1
T104016,C1127,621.23,8,0,954,0,1,expired_method,0,1
T104017,C1558,933.84,3,3,1345,1,1,temporary_failure,1,1
T104018,C1557,1592.2,6,1,1424,0,1,temporary_failure,0,1
T104019,C1001,919.17,5,2,591,0,1,expired_method,0,1
T104020,C1168,2055.31,7,2,994,0,1,checkout_abandoned,0,1
T104021,C1620,1945.84,3,1,889,1,1,insufficient_funds,0,1
T104022,C1019,1918.83,5,1,242,0,1,authentication_failure,1,0
T104023,C1332,4002.8,0,1,1123,1,1,technical_error,0,1
T104024,C1584,2171.25,4,1,754,0,1,temporary_failure,0,1
T104025,C1456,1503.3,3,2,794,0,1,technical_error,0,1
T104026,C1109,1158.46,6,2,774,0,1,expired_method,0,1
T104027,C1268,1220.61,8,1,720,1,0,expired_method,0,1
T104028,C1445,602.95,3,1,15,0,0,authentication_failure,1,0
T104029,C1240,356.28,2,2,1043,0,0,technical_error,0,1
T104030,C1301,1896.6,3,2,1370,0,1,expired_method,0,1
T104031,C1602,3353.38,4,1,652,1,0,checkout_abandoned,0,1
T104032,C1103,1045.67,3,1,1348,1,1,temporary_failure,0,1
T104033,C1250,4404.23,3,0,121,0,1,authentication_failure,0,1
T104034,C1453,1173.35,4,1,89,0,1,authentication_failure,0,1
T104035,C1520,309.41,5,1,462,1,1,insufficient_funds,0,1
T104036,C1153,2666.94,5,1,57,0,1,technical_error,0,1
T104037,C1859,934.99,8,0,100,1,1,technical_error,1,1
T104038,C1174,2854.31,6,3,705,1,0,expired_method,0,1
T104039,C1343,513.81,4,1,85,1,1,insufficient_funds,0,1
T104040,C1670,1824.45,5,1,1118,1,1,checkout_abandoned,0,1
T104041,C1431,734.84,8,1,272,0,1,checkout_abandoned,0,1
T104042,C1727,1557.84,4,0,410,0,1,insufficient_funds,0,1
T104043,C1689,2380.24,2,1,1267,0,1,expired_method,0,1
T104044,C1687,1999.8,6,2,1010,1,1,checkout_abandoned,0,1
T104045,C1852,1410.96,3,0,225,0,1,expired_method,0,1
T104046,C1850,476.35,5,1,1378,0,0,insufficient_funds,0,1
T104047,C1658,2316.37,4,0,1207,0,1,temporary_failure,0,1
T104048,C1324,2903.21,4,2,46,1,1,insufficient_funds,0,1
T104049,C1673,612.62,7,1,912,0,0,expired_method,0,1
T104050,C1639,684.01,2,3,896,0,1,authentication_failure,0,1
T104051,C1420,2996.4,8,1,329,0,1,insufficient_funds,0,1
T104052,C1594,1145.58,6,1,1346,0,1,checkout_abandoned,1,1
T104053,C1485,697.44,8,2,478,0,1,expired_method,0,1
T104054,C1659,1643.22,4,1,54,0,1,temporary_failure,0,1
T104055,C1751,829.74,7,1,1106,0,1,checkout_abandoned,0,1
T104056,C1412,1511.38,5,0,1398,0,1,expired_method,0,1
T104057,C1084,982.49,5,1,887,1,1,insufficient_funds,0,1
T104058,C1113,1047.72,9,0,913,1,0,technical_error,1,1
T104059,C1737,3080.35,4,1,1142,0,0,insufficient_funds,1,1
T104060,C1332,210.32,1,5,356,0,1,temporary_failure,0,1
T104061,C1378,2030.55,5,2,864,0,1,insufficient_funds,0,1
T104062,C1755,2721.91,5,1,1171,0,0,insufficient_funds,1,0
T104063,C1655,840.09,5,3,1215,0,0,checkout_abandoned,0,1
T104064,C1041,2706.26,7,1,971,1,1,temporary_failure,0,1
T104065,C1770,652.45,8,0,821,0,1,expired_method,0,1
T104066,C1797,816.49,7,3,1337,1,1,temporary_failure,1,1
T104067,C1105,748.91,9,1,336,0,1,checkout_abandoned,0,1
T104068,C1202,2733.86,4,0,523,0,0,checkout_abandoned,0,1
T104069,C1450,361.87,6,1,89,1,1,insufficient_funds,0,1
T104070,C1819,4583.01,7,0,1151,0,1,insufficient_funds,0,1
T104071,C1843,1065.6,4,0,271,0,1,checkout_abandoned,0,1
T104072,C1266,2124.27,7,0,1113,0,1,expired_method,0,1
T104073,C1210,1991.28,5,1,610,0,1,authentication_failure,0,1
T104074,C1563,1500.31,5,0,566,1,1,technical_error,1,1
T104075,C1118,853.62,3,0,275,0,1,authentication_failure,0,1
T104076,C1713,3400.85,5,1,1028,1,0,temporary_failure,0,1
T104077,C1377,910.38,4,1,765,1,1,expired_method,0,1
T104078,C1551,773.99,1,0,402,0,0,insufficient_funds,0,1
T104079,C1540,2587.07,8,1,1321,0,1,temporary_failure,0,1
T104080,C1771,1494.15,8,2,11,1,1,authentication_failure,0,1
T104081,C1084,3708.44,3,0,505,0,0,authentication_failure,0,1
T104082,C1454,1277.93,4,0,747,0,1,technical_error,0,1
T104083,C1667,822.08,6,0,1382,1,1,insufficient_funds,0,1
T104084,C1629,1645.92,5,0,755,0,1,authentication_failure,0,1
T104085,C1514,957.46,5,1,642,1,0,temporary_failure,0,1
T104086,C1605,840.13,6,0,989,0,1,temporary_failure,0,1
T104087,C1678,2499.68,3,0,544,1,1,temporary_failure,1,1
T104088,C1387,5290.49,9,1,430,1,1,temporary_failure,0,1
T104089,C1350,1113.38,5,1,535,0,1,insufficient_funds,0,1
T104090,C1296,644.8,5,2,480,0,1,insufficient_funds,0,1
T104091,C1258,1193.81,3,0,766,0,1,authentication_failure,0,1
T104092,C1081,1970.61,2,1,300,0,1,temporary_failure,0,1
T104093,C1268,1624.75,2,2,1325,1,1,temporary_failure,0,1
T104094,C1419,3280.25,7,1,642,1,1,checkout_abandoned,1,1
T104095,C1235,2205.74,5,2,1129,1,1,insufficient_funds,0,1
T104096,C1833,585.49,9,1,1010,1,1,temporary_failure,0,1
T104097,C1311,925.2,3,0,502,1,1,checkout_abandoned,1,0
T104098,C1813,475.5,7,2,1448,1,1,authentication_failure,0,1
T104099,C1357,3160.58,7,3,877,1,1,temporary_failure,0,1
T104100,C1213,300.69,6,1,866,0,1,expired_method,0,1
T104101,C1574,511.58,5,2,471,1,0,insufficient_funds,0,1
T104102,C1049,912.46,9,1,505,1,1,insufficient_funds,0,1
T104103,C1127,2044.56,5,0,35,0,0,checkout_abandoned,0,1
T104104,C1223,905.75,5,1,775,1,0,expired_method,0,1
T104105,C1279,1018.49,3,1,988,0,0,insufficient_funds,1,0
T104106,C1408,1033.65,5,2,39,0,0,authentication_failure,0,1
T104107,C1505,1524.75,4,1,1411,0,1,insufficient_funds,0,1
T104108,C1294,536.26,5,0,1392,0,1,temporary_failure,0,1
T104109,C1796,658.27,2,0,405,0,0,insufficient_funds,0,1
T104110,C1277,4725.33,6,1,1142,1,1,expired_method,0,1
T104111,C1438,1811.3,4,2,859,1,1,technical_error,1,1
T104112,C1107,2369.86,2,2,1291,1,1,insufficient_funds,0,1
T104113,C1658,1399.01,4,1,343,1,0,insufficient_funds,0,1
T104114,C1420,1205.67,2,3,1437,0,1,insufficient_funds,1,1
T104115,C1611,1887.2,5,0,1475,0,1,technical_error,0,1
T104116,C1429,2311.63,4,5,1264,1,1,authentication_failure,1,1
T104117,C1375,2526.42,3,1,157,1,1,expired_method,0,1
T104118,C1073,1218.14,4,4,581,1,1,technical_error,0,1
T104119,C1634,2742.25,6,2,811,0,0,technical_error,0,1
T104120,C1030,210.68,5,2,1198,0,0,expired_method,1,0
T104121,C1188,2615.51,4,2,204,1,0,expired_method,0,1
T104122,C1364,972.45,4,1,492,1,1,technical_error,0,1
T104123,C1866,2028.47,6,1,136,0,1,insufficient_funds,0,1
T104124,C1800,823.04,4,0,234,0,0,insufficient_funds,0,1
T104125,C1451,495.21,4,3,796,0,0,temporary_failure,0,1
T104126,C1195,1728.1,5,1,1256,0,0,expired_method,0,1
T104127,C1156,434.35,8,1,573,0,1,authentication_failure,0,1
T104128,C1172,992.51,5,0,565,1,1,temporary_failure,0,1
T104129,C1847,728.27,7,1,164,1,0,temporary_failure,0,1
T104130,C1041,1174.65,8,1,47,1,1,temporary_failure,0,1
T104131,C1063,2435.5,4,0,613,1,1,temporary_failure,1,0
T104132,C1023,927.61,3,0,989,1,0,temporary_failure,0,1
T104133,C1360,1695.84,3,3,1455,0,0,technical_error,0,1
T104134,C1075,2332.07,5,1,22,0,1,temporary_failure,0,1
T104135,C1560,849.42,2,1,358,0,1,authentication_failure,0,1
T104136,C1672,858.71,6,1,414,1,0,temporary_failure,0,1
T104137,C1825,3740.58,7,2,819,1,1,authentication_failure,1,0
T104138,C1118,1262.01,7,0,234,0,0,insufficient_funds,0,1
T104139,C1612,1962.26,2,1,873,0,0,insufficient_funds,0,1
T104140,C1380,1951.14,5,2,313,0,0,technical_error,1,1
T104141,C1679,545.39,6,0,1079,0,1,temporary_failure,0,1
T104142,C1290,756.98,5,1,229,0,1,authentication_failure,0,1
T104143,C1440,1774.92,3,2,87,1,1,checkout_abandoned,0,1
T104144,C1668,284.15,4,0,834,0,1,checkout_abandoned,0,1
T104145,C1007,1143.13,4,3,287,1,1,technical_error,0,1
T104146,C1196,699.97,3,3,538,0,1,temporary_failure,0,1
T104147,C1421,3080.6,7,1,1130,0,1,technical_error,1,1
T104148,C1568,1736.43,5,3,490,0,1,authentication_failure,0,1
T104149,C1833,3272.91,7,2,1135,1,1,temporary_failure,0,1
T104150,C1193,1300.7,5,1,803,0,1,insufficient_funds,0,1
T104151,C1559,1229.77,2,1,688,1,1,checkout_abandoned,0,1
T104152,C1148,1065.61,4,1,1104,0,0,temporary_failure,0,1
T104153,C1787,918.46,4,3,738,1,1,authentication_failure,1,1
T104154,C1669,10031.57,2,1,761,0,1,temporary_failure,0,1
T104155,C1202,2453.76,6,0,1191,0,1,checkout_abandoned,0,1
T104156,C1444,602.06,4,0,562,0,1,insufficient_funds,0,1
T104157,C1419,9696.13,6,2,59,0,1,temporary_failure,0,1
T104158,C1427,988.58,4,1,944,0,1,temporary_failure,0,1
T104159,C1479,1704.22,2,1,411,0,0,technical_error,0,1
T104160,C1475,2709.98,4,2,765,1,1,temporary_failure,1,1
T104161,C1126,422.65,1,1,905,1,0,expired_method,0,1
T104162,C1395,720.18,9,0,75,0,0,insufficient_funds,0,1
T104163,C1817,4610.65,2,0,1268,1,1,temporary_failure,1,1
T104164,C1881,1131.59,5,0,635,1,1,expired_method,0,1
T104165,C1806,2832.75,6,1,948,1,1,checkout_abandoned,0,1
T104166,C1576,953.27,5,0,278,1,0,expired_method,0,1
T104167,C1325,1247.26,4,0,1290,0,1,temporary_failure,0,1
T104168,C1392,5109.94,3,0,425,0,1,checkout_abandoned,0,1
T104169,C1688,1859.63,7,1,1122,0,0,technical_error,1,1
T104170,C1628,1034.18,2,0,531,1,1,checkout_abandoned,0,1
T104171,C1440,802.3,0,0,508,0,1,insufficient_funds,0,1
T104172,C1204,859.28,5,2,1416,1,1,insufficient_funds,0,1
T104173,C1486,3398.77,4,0,410,0,1,technical_error,0,1
T104174,C1833,2378.26,3,1,1267,0,1,checkout_abandoned,1,1
T104175,C1031,565.94,3,0,575,1,1,insufficient_funds,0,1
T104176,C1388,1429.93,7,3,848,0,1,technical_error,0,1
T104177,C1625,1273.96,6,2,315,0,1,authentication_failure,0,1
T104178,C1877,1697.77,5,1,1092,0,0,technical_error,1,1
T104179,C1434,851.77,4,0,941,0,1,technical_error,0,1
T104180,C1837,3051.4,4,1,271,1,1,insufficient_funds,0,1
T104181,C1376,1338.09,6,0,459,0,1,technical_error,0,1
T104182,C1344,1772.38,6,0,886,1,0,expired_method,0,1
T104183,C1443,743.58,3,2,41,1,1,checkout_abandoned,0,1
T104184,C1579,772.22,3,0,830,0,1,temporary_failure,0,1
T104185,C1075,9829.4,3,1,78,0,0,technical_error,1,1
T104186,C1557,5167.06,1,1,92,0,0,expired_method,0,1
T104187,C1772,1271.23,6,0,779,0,1,technical_error,1,0
T104188,C1666,4229.14,5,2,820,0,1,temporary_failure,0,1
T104189,C1155,3326.09,6,1,480,0,0,authentication_failure,1,1
T104190,C1430,838.06,3,1,1037,0,1,temporary_failure,1,0
T104191,C1363,777.67,4,0,596,0,1,checkout_abandoned,0,1
T104192,C1448,2211.68,6,0,1207,0,0,insufficient_funds,1,0
T104193,C1234,1627.9,8,2,1138,1,1,technical_error,0,1
T104194,C1563,990.78,5,1,157,1,1,checkout_abandoned,0,1
T104195,C1818,2300.59,1,2,131,0,1,checkout_abandoned,0,1
T104196,C1262,454.02,4,0,1047,1,0,temporary_failure,1,1
T104197,C1827,1460.09,5,0,516,0,1,temporary_failure,0,1
T104198,C1125,528.9,5,0,698,0,0,technical_error,0,1
T104199,C1245,542.13,4,0,1420,0,1,expired_method,0,1
T104200,C1542,788.34,5,0,542,1,1,technical_error,1,1
T104201,C1485,1758.94,10,3,326,0,1,temporary_failure,0,1
T104202,C1122,807.2,3,0,158,0,1,expired_method,0,1
T104203,C1125,537.23,4,0,514,1,1,technical_error,0,1
T104204,C1549,1915.89,10,1,787,1,1,checkout_abandoned,0,1
T104205,C1170,4103.36,2,1,504,0,1,temporary_failure,0,1
T104206,C1124,2162.75,3,0,924,0,1,insufficient_funds,0,1
T104207,C1869,5173.73,3,0,1470,1,1,technical_error,1,0
T104208,C1035,3854.07,6,1,442,0,1,temporary_failure,0,1
T104209,C1087,929.3,3,1,601,0,1,temporary_failure,0,1
T104210,C1646,2151.93,5,0,273,1,1,authentication_failure,0,1
T104211,C1708,1250.47,11,0,706,1,1,temporary_failure,0,1
T104212,C1786,2970.77,6,1,1134,0,1,insufficient_funds,0,1
T104213,C1201,1250.3,1,0,610,1,1,insufficient_funds,1,0
T104214,C1369,741.35,7,2,1441,1,1,technical_error,0,1
T104215,C1797,3752.04,3,3,1115,0,1,technical_error,1,1
T104216,C1077,1699.94,3,0,414,0,1,insufficient_funds,1,1
T104217,C1059,814.32,4,0,1157,0,0,insufficient_funds,0,1
T104218,C1431,921.46,5,1,273,1,0,checkout_abandoned,1,0
T104219,C1638,810.43,5,0,668,1,1,temporary_failure,0,1
T104220,C1500,631.87,6,5,1274,0,1,technical_error,0,1
T104221,C1109,936.23,7,1,807,1,0,temporary_failure,0,1
T104222,C1736,1771.83,4,1,1124,1,0,temporary_failure,0,1
T104223,C1278,1405.36,8,0,237,0,1,authentication_failure,0,1
T104224,C1068,964.24,8,3,1005,0,0,expired_method,0,1
T104225,C1069,4111.86,8,0,1187,1,1,expired_method,0,1
T104226,C1165,296.49,1,1,925,0,1,expired_method,0,1
T104227,C1489,1685.14,6,2,381,1,1,insufficient_funds,0,1
T104228,C1305,1203.43,7,1,370,0,1,checkout_abandoned,1,1
T104229,C1674,647.01,0,2,772,0,1,authentication_failure,1,0
T104230,C1365,1760.48,8,1,343,1,1,temporary_failure,0,1
T104231,C1854,1135.91,4,1,224,1,0,temporary_failure,0,1
T104232,C1821,3412.86,6,2,187,1,0,insufficient_funds,1,0
T104233,C1379,2568.43,4,0,1479,0,1,checkout_abandoned,0,1
T104234,C1343,5594.83,7,2,1203,0,1,authentication_failure,0,1
T104235,C1899,932.17,11,1,1189,0,1,technical_error,0,1
T104236,C1554,3817.75,8,1,1064,1,1,temporary_failure,0,1
T104237,C1354,558.7,10,4,867,0,0,authentication_failure,0,1
T104238,C1416,1232.77,4,2,649,1,1,checkout_abandoned,0,1
T104239,C1109,944.89,4,3,376,0,1,technical_error,0,1
T104240,C1563,2104.5,5,2,237,0,0,temporary_failure,1,1
T104241,C1762,2066.7,7,2,125,0,0,expired_method,0,1
T104242,C1497,681.66,3,4,468,1,1,expired_method,0,1
T104243,C1341,2194.36,6,1,1334,0,0,insufficient_funds,1,0
T104244,C1383,1006.9,5,3,331,0,0,insufficient_funds,1,0
T104245,C1533,725.89,5,2,881,0,1,technical_error,1,1
T104246,C1300,1327.65,4,1,1229,1,1,technical_error,1,0
T104247,C1139,442.47,3,1,1449,1,1,temporary_failure,0,1
T104248,C1359,2693.18,5,2,434,1,0,authentication_failure,0,1
T104249,C1836,1284.7,7,1,192,0,1,temporary_failure,0,1
T104250,C1499,1305.96,3,0,526,0,1,technical_error,0,1
T104251,C1385,1254.67,3,3,1024,0,1,temporary_failure,0,1
T104252,C1604,4606.1,5,0,1352,1,1,technical_error,0,1
T104253,C1280,4184.57,2,1,1293,0,1,insufficient_funds,0,1
T104254,C1637,3688.85,5,0,380,1,1,expired_method,1,1
T104255,C1483,1256.67,4,2,306,0,0,authentication_failure,1,1
T104256,C1111,580.15,2,1,1004,1,1,expired_method,0,1
T104257,C1866,1323.47,3,0,1387,0,0,expired_method,0,1
T104258,C1139,1695.61,6,1,1088,0,1,authentication_failure,1,1
T104259,C1435,2463.79,8,1,310,0,1,checkout_abandoned,0,1
T104260,C1509,1691.53,9,0,677,0,0,technical_error,1,1
T104261,C1273,620.25,5,2,1348,1,1,insufficient_funds,0,1
T104262,C1099,896.45,5,0,265,1,1,checkout_abandoned,0,1
T104263,C1764,837.48,3,1,1214,0,0,checkout_abandoned,0,1
T104264,C1850,2006.79,6,1,689,0,1,checkout_abandoned,0,1
T104265,C1104,2044.07,4,1,390,0,0,temporary_failure,1,1
T104266,C1214,2255.15,4,2,1341,0,1,expired_method,0,1
T104267,C1761,1678.7,5,1,532,0,1,temporary_failure,0,1
T104268,C1664,285.89,2,0,1013,0,1,insufficient_funds,0,1
T104269,C1762,367.09,6,0,1385,1,0,technical_error,0,1
T104270,C1787,1205.75,3,1,699,0,1,checkout_abandoned,0,1
T104271,C1165,1441.67,7,3,132,0,1,checkout_abandoned,1,1
T104272,C1853,3429.77,2,2,488,0,0,expired_method,1,0
T104273,C1520,1419.91,8,1,569,1,1,temporary_failure,1,1
T104274,C1284,644.22,7,1,477,0,1,temporary_failure,0,1
T104275,C1517,2200.9,4,1,191,0,1,authentication_failure,0,1
T104276,C1657,1322.21,2,0,399,0,0,temporary_failure,0,1
T104277,C1613,990.75,2,3,1339,1,1,temporary_failure,0,1
T104278,C1164,399.04,10,0,762,0,1,expired_method,0,1
T104279,C1886,1427.8,5,3,265,1,0,temporary_failure,1,0
T104280,C1659,1590.2,5,0,1371,0,1,expired_method,0,1
T104281,C1064,634.53,3,1,222,1,0,technical_error,1,1
T104282,C1091,2340.85,5,2,908,1,1,temporary_failure,0,1
T104283,C1117,2188.78,5,3,1330,1,1,checkout_abandoned,0,1
T104284,C1866,1389.48,4,0,229,1,1,technical_error,0,1
T104285,C1267,1351.26,7,2,549,0,1,insufficient_funds,0,1
T104286,C1822,2723.11,2,0,432,0,0,technical_error,1,0
T104287,C1685,1764.54,7,2,737,1,1,expired_method,0,1
T104288,C1559,791.01,6,2,208,0,1,technical_error,0,1
T104289,C1140,1154.89,1,0,1224,0,1,technical_error,0,1
T104290,C1246,2033.75,7,1,138,1,1,technical_error,1,1
T104291,C1661,291.71,4,2,170,0,1,temporary_failure,0,1
T104292,C1758,666.04,4,1,1066,0,1,technical_error,1,0
T104293,C1395,2234.12,1,3,20,1,0,technical_error,0,1
T104294,C1487,3316.48,5,0,516,1,1,checkout_abandoned,0,1
T104295,C1476,2880.69,5,0,1477,1,0,temporary_failure,1,1
T104296,C1517,2617.49,5,3,1248,0,0,temporary_failure,0,1
T104297,C1184,1476.32,7,1,199,0,1,expired_method,0,1
T104298,C1020,619.13,3,1,1434,1,1,checkout_abandoned,0,1
T104299,C1558,1155.78,7,0,851,1,1,temporary_failure,0,1
T104300,C1524,300.38,1,3,254,0,0,technical_error,0,1
T104301,C1582,3552.8,4,2,402,1,0,insufficient_funds,1,0
T104302,C1529,725.72,6,1,1116,0,0,expired_method,0,1
T104303,C1883,897.84,3,1,1147,0,0,insufficient_funds,1,0
T104304,C1147,2963.02,3,2,785,0,1,checkout_abandoned,0,1
T104305,C1666,399.03,3,1,964,1,1,expired_method,0,1
T104306,C1304,548.92,3,0,1102,0,0,expired_method,0,1
T104307,C1620,1637.59,6,0,1367,0,1,insufficient_funds,0,1
T104308,C1748,1978.88,3,2,822,1,1,authentication_failure,1,0
T104309,C1820,1269.3,5,1,1194,0,1,checkout_abandoned,0,1
T104310,C1864,1300.74,8,1,116,0,1,expired_method,0,1
T104311,C1582,3467.83,4,0,1013,0,1,expired_method,0,1
T104312,C1695,2158.65,5,2,1480,0,1,insufficient_funds,0,1
T104313,C1762,1950.57,2,0,1173,0,1,insufficient_funds,0,1
T104314,C1228,2396.43,3,0,844,1,1,authentication_failure,0,1
T104315,C1102,1069.08,7,1,369,0,1,authentication_failure,0,1
T104316,C1587,6835.43,8,2,934,1,0,expired_method,0,1
T104317,C1417,237.31,5,1,159,1,0,expired_method,0,1
T104318,C1216,3997.57,5,2,939,1,1,expired_method,0,1
T104319,C1407,2634.85,4,0,108,1,1,authentication_failure,0,1
T104320,C1399,1613.59,5,0,1200,1,1,insufficient_funds,0,1
T104321,C1715,1422.29,2,1,665,1,1,temporary_failure,0,1
T104322,C1704,1191.94,8,1,821,0,1,temporary_failure,0,1
T104323,C1761,3064.33,5,1,472,0,1,temporary_failure,0,1
T104324,C1499,1299.98,1,1,899,1,1,technical_error,0,1
T104325,C1754,775.95,5,0,608,1,1,insufficient_funds,0,1
T104326,C1465,2634.6,6,4,1117,0,0,authentication_failure,0,1
T104327,C1691,4396.55,5,2,311,1,1,technical_error,0,1
T104328,C1731,315.65,6,0,1273,0,1,temporary_failure,0,1
T104329,C1082,7846.47,10,2,1250,0,1,insufficient_funds,0,1
T104330,C1604,615.51,4,1,760,0,1,insufficient_funds,0,1
T104331,C1687,651.83,7,2,190,0,1,checkout_abandoned,0,1
T104332,C1751,526.54,4,2,1032,0,1,technical_error,1,1
T104333,C1772,1340.28,6,1,1450,0,1,checkout_abandoned,0,1
T104334,C1365,512.97,1,2,694,0,1,authentication_failure,0,1
T104335,C1163,561.89,5,1,201,0,0,technical_error,0,1
T104336,C1048,799.18,3,2,103,1,1,checkout_abandoned,0,1
T104337,C1511,1486.0,7,2,908,0,1,technical_error,0,1
T104338,C1329,1597.41,7,0,981,1,0,temporary_failure,0,1
T104339,C1840,3397.85,4,0,680,1,1,insufficient_funds,0,1
T104340,C1116,3339.62,5,1,1360,1,1,checkout_abandoned,0,1
T104341,C1849,2888.4,7,0,1498,0,0,temporary_failure,0,1
T104342,C1337,1100.79,5,1,443,1,1,checkout_abandoned,0,1
T104343,C1881,336.67,1,1,339,0,0,temporary_failure,0,1
T104344,C1737,331.13,6,1,536,0,0,insufficient_funds,0,1
T104345,C1864,2873.53,8,0,1152,1,1,technical_error,1,1
T104346,C1840,2522.02,6,1,30,1,1,insufficient_funds,1,0
T104347,C1147,843.43,3,2,30,0,1,checkout_abandoned,0,1
T104348,C1575,454.61,7,1,325,1,1,insufficient_funds,0,1
T104349,C1806,610.72,7,1,1254,0,1,authentication_failure,1,1
T104350,C1323,1526.94,2,1,627,0,1,insufficient_funds,0,1
T104351,C1443,1529.08,5,2,754,1,1,insufficient_funds,1,0
T104352,C1837,2927.48,7,0,1098,1,0,checkout_abandoned,0,1
T104353,C1013,955.5,5,0,158,1,1,temporary_failure,1,1
T104354,C1494,1115.41,6,2,1216,1,1,authentication_failure,0,1
T104355,C1701,3115.02,2,4,291,0,1,temporary_failure,1,1
T104356,C1287,272.1,8,3,1364,0,0,insufficient_funds,0,1
T104357,C1720,1699.5,6,3,1088,0,1,technical_error,0,1
T104358,C1114,1042.45,5,1,122,1,1,temporary_failure,0,1
T104359,C1480,2286.03,7,1,1246,0,1,insufficient_funds,0,1
T104360,C1022,1967.37,7,1,1079,1,1,checkout_abandoned,0,1
T104361,C1349,794.54,5,0,455,1,1,expired_method,1,1
T104362,C1726,915.53,7,2,1103,1,1,insufficient_funds,0,1
T104363,C1683,238.3,6,0,191,0,1,temporary_failure,0,1
T104364,C1835,2350.76,8,0,1206,1,1,expired_method,0,1
T104365,C1566,1603.32,8,0,990,0,0,authentication_failure,1,0
T104366,C1810,3823.36,9,0,319,0,1,checkout_abandoned,0,1
T104367,C1320,992.72,7,1,1242,0,1,authentication_failure,0,1
T104368,C1126,2659.12,0,1,958,0,1,checkout_abandoned,0,1
T104369,C1277,600.38,5,2,1256,0,0,authentication_failure,1,1
T104370,C1204,176.16,8,1,352,0,1,checkout_abandoned,0,1
T104371,C1194,1247.77,1,0,617,1,1,technical_error,0,1
T104372,C1681,875.67,4,0,1013,0,1,temporary_failure,0,1
T104373,C1664,609.04,4,1,1153,1,0,insufficient_funds,0,1
T104374,C1547,2626.95,1,2,557,1,1,temporary_failure,0,1
T104375,C1696,3314.91,5,1,43,0,0,insufficient_funds,1,1
T104376,C1286,1449.63,3,3,399,0,0,insufficient_funds,0,1
T104377,C1057,1168.07,5,1,943,1,0,authentication_failure,0,1
T104378,C1734,1403.93,2,3,298,0,0,insufficient_funds,0,1
T104379,C1303,820.82,4,1,980,0,1,expired_method,0,1
T104380,C1163,2042.53,11,0,576,0,0,temporary_failure,1,1
T104381,C1019,422.2,8,1,544,0,0,temporary_failure,0,1
T104382,C1370,598.96,3,1,774,1,1,temporary_failure,0,1
T104383,C1264,739.93,5,1,565,1,1,insufficient_funds,0,1
T104384,C1794,2010.25,7,2,1133,1,0,insufficient_funds,1,0
T104385,C1113,1067.56,5,2,1061,0,0,temporary_failure,0,1
T104386,C1488,3715.59,5,1,585,0,1,checkout_abandoned,0,1
T104387,C1327,2446.67,4,0,825,0,1,authentication_failure,0,1
T104388,C1542,734.49,5,1,324,1,0,expired_method,0,1
T104389,C1647,2154.04,5,1,988,1,0,checkout_abandoned,1,1
T104390,C1579,986.19,5,0,820,1,1,technical_error,0,1
T104391,C1065,1910.05,2,0,692,0,1,expired_method,0,1
T104392,C1292,2537.23,3,4,662,1,0,expired_method,0,1
T104393,C1025,3090.34,4,2,564,0,1,technical_error,0,1
T104394,C1549,1558.56,6,2,1273,1,0,temporary_failure,0,1
T104395,C1001,4447.48,5,0,790,0,1,temporary_failure,0,1
T104396,C1549,1864.94,7,0,513,0,1,insufficient_funds,0,1
T104397,C1141,1482.21,0,1,1452,1,1,insufficient_funds,0,1
T104398,C1744,1067.54,3,0,740,1,0,temporary_failure,1,1
T104399,C1648,834.24,4,0,414,0,0,expired_method,1,0
T104400,C1188,1835.21,3,1,721,1,1,insufficient_funds,0,1
T104401,C1128,1444.57,6,4,163,0,0,checkout_abandoned,0,1
T104402,C1201,1628.83,7,1,1383,0,1,checkout_abandoned,0,1
T104403,C1127,1920.92,6,0,223,1,1,technical_error,0,1
T104404,C1257,1623.68,5,0,1082,0,0,expired_method,0,1
T104405,C1676,6063.07,3,2,1392,1,1,expired_method,0,1
T104406,C1547,901.47,2,1,507,0,0,insufficient_funds,0,1
T104407,C1194,1852.37,6,1,1380,1,1,temporary_failure,0,1
T104408,C1703,1129.16,7,2,351,1,1,temporary_failure,0,1
T104409,C1104,211.43,6,0,790,0,1,temporary_failure,0,1
T104410,C1535,1158.52,6,0,432,1,1,temporary_failure,0,1
T104411,C1265,663.57,4,1,1472,1,1,insufficient_funds,0,1
T104412,C1802,1273.96,2,2,253,0,1,technical_error,1,1
T104413,C1384,1313.17,7,1,563,0,1,temporary_failure,0,1
T104414,C1260,1788.3,5,1,917,1,1,authentication_failure,0,1
T104415,C1414,899.97,4,3,534,0,1,technical_error,1,1
T104416,C1358,988.49,4,1,725,1,1,temporary_failure,0,1
T104417,C1075,2265.43,4,1,1327,0,0,technical_error,0,1
T104418,C1355,730.12,3,2,209,0,0,checkout_abandoned,0,1
T104419,C1584,337.36,3,1,1018,1,1,temporary_failure,0,1
T104420,C1771,1506.85,1,0,1351,0,1,technical_error,0,1
T104421,C1188,2990.32,4,1,1233,0,0,checkout_abandoned,1,1
T104422,C1685,2245.95,8,4,1326,0,0,temporary_failure,0,1
T104423,C1290,1527.84,1,1,289,1,1,checkout_abandoned,0,1
T104424,C1045,3422.01,3,1,1125,0,1,insufficient_funds,1,0
T104425,C1573,3015.48,7,2,1097,0,0,checkout_abandoned,0,1
T104426,C1083,1045.04,2,1,1177,1,0,authentication_failure,0,1
T104427,C1123,1612.66,8,2,795,1,1,expired_method,0,1
T104428,C1358,1665.44,7,0,1268,0,1,authentication_failure,1,1
T104429,C1528,1255.06,8,0,1457,0,1,authentication_failure,0,1
T104430,C1066,3135.94,7,3,1347,0,0,checkout_abandoned,1,0
T104431,C1657,1194.99,6,1,1002,1,1,checkout_abandoned,0,1
T104432,C1375,920.38,4,1,1156,0,1,authentication_failure,0,1
T104433,C1162,191.78,3,2,62,0,1,technical_error,0,1
T104434,C1746,736.03,4,1,1060,0,0,checkout_abandoned,1,0
T104435,C1380,499.41,0,1,383,0,1,technical_error,1,1
T104436,C1656,1299.46,7,0,45,1,1,expired_method,1,1
T104437,C1358,523.08,4,1,973,0,1,expired_method,0,1
T104438,C1188,2114.37,6,4,621,0,0,expired_method,0,1
T104439,C1322,3075.82,4,0,1174,0,0,insufficient_funds,1,1
T104440,C1450,1308.49,5,1,956,0,0,technical_error,0,1
T104441,C1474,640.33,2,3,697,0,1,temporary_failure,0,1
T104442,C1013,1660.38,2,2,1221,1,1,insufficient_funds,0,1
T104443,C1184,5541.98,5,3,727,0,1,temporary_failure,0,1
T104444,C1111,4389.02,3,1,627,0,1,checkout_abandoned,0,1
T104445,C1508,466.59,7,2,622,0,1,temporary_failure,0,1
T104446,C1290,453.78,7,1,632,0,0,insufficient_funds,1,0
T104447,C1295,374.41,5,2,463,1,1,expired_method,0,1
T104448,C1451,570.93,3,0,188,1,1,temporary_failure,0,1
T104449,C1215,1617.59,1,1,1047,1,1,expired_method,0,1
T104450,C1632,882.25,7,1,692,0,1,checkout_abandoned,1,1
T104451,C1894,714.08,4,1,1292,0,1,temporary_failure,1,1
T104452,C1567,2919.98,0,1,43,0,1,technical_error,1,1
T104453,C1027,1993.35,1,0,719,1,1,temporary_failure,1,1
T104454,C1630,372.96,5,1,1265,0,1,expired_method,1,1
T104455,C1733,2796.97,8,2,1226,0,1,checkout_abandoned,1,1
T104456,C1231,1957.7,10,1,519,0,0,expired_method,0,1
T104457,C1565,1990.61,4,1,197,0,0,insufficient_funds,0,1
T104458,C1807,873.18,5,1,759,1,0,temporary_failure,1,1
T104459,C1321,1163.89,8,1,337,0,0,checkout_abandoned,0,1
T104460,C1233,305.04,4,2,726,0,1,temporary_failure,1,1
T104461,C1670,2566.35,6,0,1138,0,1,checkout_abandoned,0,1
T104462,C1437,633.21,6,0,300,1,1,insufficient_funds,0,1
T104463,C1781,697.17,5,4,1275,0,0,insufficient_funds,1,1
T104464,C1533,690.14,6,1,106,1,1,technical_error,0,1
T104465,C1403,5168.31,9,1,501,1,0,checkout_abandoned,0,1
T104466,C1053,811.17,4,1,810,0,1,checkout_abandoned,0,1
T104467,C1787,2715.4,5,1,124,0,1,technical_error,0,1
T104468,C1313,1315.54,4,1,319,1,0,temporary_failure,0,1
T104469,C1281,719.22,7,0,560,0,1,checkout_abandoned,0,1
T104470,C1726,627.79,9,0,1143,0,1,expired_method,1,1
T104471,C1031,835.77,5,1,1225,0,0,expired_method,0,1
T104472,C1337,1266.68,6,0,815,0,1,temporary_failure,0,1
T104473,C1183,2103.38,3,0,594,1,1,technical_error,0,1
T104474,C1023,940.82,6,1,121,1,1,checkout_abandoned,0,1
T104475,C1544,914.79,5,0,1336,0,1,temporary_failure,1,1
T104476,C1446,691.69,4,2,586,1,1,expired_method,0,1
T104477,C1074,547.01,6,1,365,1,0,insufficient_funds,0,1
T104478,C1010,513.75,7,2,1135,0,1,insufficient_funds,1,1
T104479,C1484,2810.23,5,5,324,0,1,authentication_failure,0,1
T104480,C1456,900.88,5,0,203,1,1,insufficient_funds,0,1
T104481,C1566,962.75,6,1,1107,0,1,authentication_failure,0,1
T104482,C1564,812.44,1,1,1440,0,1,technical_error,1,1
T104483,C1660,1056.12,5,1,1325,0,1,expired_method,0,1
T104484,C1160,1769.24,2,1,1217,0,1,technical_error,0,1
T104485,C1882,929.68,6,4,1391,1,1,temporary_failure,1,1
T104486,C1014,1533.88,5,0,1132,0,1,temporary_failure,0,1
T104487,C1178,3880.26,2,0,534,0,1,expired_method,0,1
T104488,C1412,724.33,3,2,988,0,0,temporary_failure,0,1
T104489,C1878,963.33,5,0,620,1,0,technical_error,1,1
T104490,C1053,2166.34,3,0,829,0,1,expired_method,0,1
T104491,C1408,4117.38,10,0,935,1,1,authentication_failure,0,1
T104492,C1847,527.56,8,1,1499,0,1,authentication_failure,0,1
T104493,C1022,374.05,4,2,661,0,1,insufficient_funds,0,1
T104494,C1030,1338.82,8,1,213,0,1,expired_method,0,1
T104495,C1703,1239.04,3,1,414,1,1,insufficient_funds,1,0
T104496,C1260,2264.54,5,1,1173,0,0,insufficient_funds,0,1
T104497,C1205,2019.63,4,3,1351,1,0,technical_error,1,1
T104498,C1059,1305.74,4,2,1409,0,1,insufficient_funds,1,0
T104499,C1471,2942.19,6,0,229,1,1,technical_error,0,1
T104500,C1776,803.71,10,1,1382,0,1,insufficient_funds,0,1
T104501,C1466,1569.77,4,1,1456,0,1,temporary_failure,0,1
T104502,C1012,538.19,8,2,1266,0,1,expired_method,0,1
T104503,C1631,1297.77,8,0,309,0,1,checkout_abandoned,0,1
T104504,C1290,447.71,6,1,1020,1,0,insufficient_funds,0,1
T104505,C1850,580.05,5,2,1165,0,0,temporary_failure,1,1
T104506,C1760,4827.52,5,1,929,1,1,temporary_failure,0,1
T104507,C1354,340.9,7,1,435,0,1,expired_method,0,1
T104508,C1639,1138.55,5,1,644,1,1,insufficient_funds,0,1
T104509,C1075,2490.93,6,2,954,1,1,checkout_abandoned,1,1
T104510,C1873,7086.99,8,1,987,1,0,insufficient_funds,0,1
T104511,C1716,1529.67,7,2,243,0,1,checkout_abandoned,0,1
T104512,C1561,1596.65,6,2,99,1,1,authentication_failure,1,1
T104513,C1591,1379.9,6,2,1013,0,1,insufficient_funds,0,1
T104514,C1441,2959.94,4,1,768,0,1,temporary_failure,0,1
T104515,C1241,1851.55,2,3,669,1,1,technical_error,0,1
T104516,C1861,870.17,4,1,764,0,0,expired_method,0,1
T104517,C1154,3092.19,2,1,1450,0,1,expired_method,1,1
T104518,C1786,947.05,7,2,461,1,0,expired_method,1,1
T104519,C1096,403.88,3,2,941,1,1,temporary_failure,0,1
T104520,C1726,404.85,2,1,57,0,1,insufficient_funds,1,1
T104521,C1294,1151.94,4,3,232,1,1,expired_method,1,1
T104522,C1209,1447.05,4,2,722,0,1,insufficient_funds,0,1
T104523,C1343,2742.77,2,1,475,0,1,insufficient_funds,1,0
T104524,C1088,2165.95,6,1,1093,1,1,insufficient_funds,0,1
T104525,C1818,1422.1,5,0,1313,1,1,expired_method,1,1
T104526,C1776,2860.16,4,1,26,1,1,checkout_abandoned,0,1
T104527,C1390,1352.29,5,0,1354,0,0,insufficient_funds,0,1
T104528,C1325,508.84,4,2,688,1,1,temporary_failure,0,1
T104529,C1889,432.1,1,1,1110,1,0,technical_error,1,0
T104530,C1832,3494.75,4,1,480,0,0,temporary_failure,0,1
T104531,C1157,248.66,9,1,998,0,1,checkout_abandoned,0,1
T104532,C1668,1152.22,5,0,838,0,1,authentication_failure,0,1
T104533,C1651,12535.82,4,1,1134,0,0,temporary_failure,0,1
T104534,C1633,1890.18,8,1,549,0,1,technical_error,0,1
T104535,C1577,1145.5,5,2,1296,0,0,expired_method,0,1
T104536,C1619,378.67,6,0,215,0,1,checkout_abandoned,0,1
T104537,C1659,4505.38,2,0,489,1,1,expired_method,0,1
T104538,C1137,3328.81,5,2,82,1,1,insufficient_funds,0,1
T104539,C1674,2238.58,5,1,1471,0,0,technical_error,1,1
T104540,C1428,1338.87,4,2,591,0,1,authentication_failure,0,1
T104541,C1452,2057.01,3,0,728,0,0,expired_method,1,1
T104542,C1612,1198.15,4,1,551,1,1,insufficient_funds,0,1
T104543,C1850,645.52,5,2,1447,1,1,authentication_failure,0,1
T104544,C1819,2744.22,7,1,665,0,1,insufficient_funds,0,1
T104545,C1141,1289.5,5,1,767,1,1,technical_error,0,1
T104546,C1083,1981.2,8,2,789,0,1,technical_error,0,1
T104547,C1177,1223.12,4,0,1246,0,0,temporary_failure,0,1
T104548,C1198,1893.85,5,0,780,0,0,checkout_abandoned,0,1
T104549,C1624,1324.95,1,0,76,1,1,technical_error,1,1
T104550,C1568,1249.61,5,1,1455,0,0,expired_method,0,1
T104551,C1691,1369.9,7,1,863,1,1,expired_method,0,1
T104552,C1421,12340.63,3,3,380,1,0,temporary_failure,1,1
T104553,C1401,2445.01,6,1,373,0,1,temporary_failure,0,1
T104554,C1698,9316.51,10,0,409,1,1,technical_error,0,1
T104555,C1471,1331.32,4,1,859,0,1,expired_method,0,1
T104556,C1218,1062.32,5,0,269,1,0,expired_method,0,1
T104557,C1828,598.46,8,0,1078,0,1,expired_method,0,1
T104558,C1729,4457.86,7,1,907,0,1,temporary_failure,1,1
T104559,C1632,679.33,10,0,1320,1,0,insufficient_funds,0,1
T104560,C1175,5203.94,3,2,1362,0,1,checkout_abandoned,1,1
T104561,C1023,625.07,5,1,324,0,1,insufficient_funds,1,0
T104562,C1725,2604.5,8,0,916,1,1,temporary_failure,0,1
T104563,C1235,406.16,6,1,1452,0,1,checkout_abandoned,0,1
T104564,C1013,961.54,5,1,1338,0,1,technical_error,1,1
T104565,C1101,1361.8,1,0,949,0,1,insufficient_funds,0,1
T104566,C1536,855.67,5,0,238,0,0,expired_method,0,1
T104567,C1876,1179.69,3,1,759,0,1,expired_method,0,1
T104568,C1523,1183.93,2,1,1219,1,1,expired_method,0,1
T104569,C1785,2453.33,4,2,127,0,1,authentication_failure,0,1
T104570,C1452,280.04,10,1,135,0,1,checkout_abandoned,0,1
T104571,C1431,878.14,4,1,995,0,1,expired_method,0,1
T104572,C1793,3432.27,3,1,141,0,0,expired_method,0,1
T104573,C1606,2042.36,4,0,1194,0,1,insufficient_funds,0,1
T104574,C1713,3475.4,4,0,355,0,0,temporary_failure,0,1
T104575,C1533,2366.32,7,2,93,1,1,technical_error,0,1
T104576,C1852,594.29,3,3,51,0,1,checkout_abandoned,0,1
T104577,C1723,2198.81,4,3,444,0,1,insufficient_funds,1,1
T104578,C1652,1443.96,4,2,1199,1,1,temporary_failure,0,1
T104579,C1293,7339.65,4,0,1460,0,1,checkout_abandoned,0,1
T104580,C1810,2444.57,9,0,57,0,0,insufficient_funds,1,0
T104581,C1101,1983.32,6,2,1075,1,0,checkout_abandoned,1,1
T104582,C1502,2212.92,2,0,194,0,1,temporary_failure,1,0
T104583,C1304,1903.85,8,0,1265,0,0,expired_method,1,1
T104584,C1871,1865.62,5,1,410,1,1,authentication_failure,0,1
T104585,C1540,1096.94,5,0,1170,1,1,insufficient_funds,0,1
T104586,C1553,2001.4,8,1,1266,1,1,expired_method,0,1
T104587,C1355,2728.07,7,1,1401,1,1,temporary_failure,0,1
T104588,C1303,2966.82,6,2,1426,0,1,expired_method,0,1
T104589,C1496,2709.01,8,0,980,1,1,checkout_abandoned,0,1
T104590,C1658,4150.76,3,1,511,1,0,temporary_failure,1,1
T104591,C1768,3109.35,4,2,376,0,1,authentication_failure,0,1
T104592,C1227,2146.06,4,1,1144,1,1,insufficient_funds,0,1
T104593,C1236,568.08,3,1,270,0,1,checkout_abandoned,0,1
T104594,C1873,568.24,3,2,1097,0,0,temporary_failure,0,1
T104595,C1892,1111.98,3,2,701,1,0,expired_method,0,1
T104596,C1455,1387.23,1,1,509,1,1,expired_method,0,1
T104597,C1013,3821.89,6,1,1093,1,0,temporary_failure,0,1
T104598,C1210,166.54,3,0,1122,0,1,insufficient_funds,1,0
T104599,C1741,617.14,1,2,365,0,1,insufficient_funds,0,1
T104600,C1397,1157.87,3,6,1402,0,1,technical_error,0,1
T104601,C1100,634.2,3,0,655,1,1,authentication_failure,0,1
T104602,C1031,736.14,9,2,865,0,0,temporary_failure,0,1
T104603,C1898,921.16,4,2,414,1,0,insufficient_funds,0,1
T104604,C1528,658.94,5,0,27,1,1,technical_error,0,1
T104605,C1649,750.46,5,2,377,1,1,technical_error,1,1
T104606,C1329,3723.52,7,2,1290,1,0,technical_error,1,1
T104607,C1166,2123.33,7,2,230,1,0,technical_error,0,1
T104608,C1459,2375.49,4,1,282,1,0,temporary_failure,0,1
T104609,C1822,1305.59,6,1,974,0,1,temporary_failure,0,1
T104610,C1100,2859.29,4,0,1410,1,1,authentication_failure,0,1
T104611,C1621,2529.68,2,1,1280,0,1,checkout_abandoned,0,1
T104612,C1855,2098.34,8,2,1423,0,1,temporary_failure,0,1
T104613,C1173,820.06,2,1,1280,1,1,temporary_failure,0,1
T104614,C1749,961.48,3,0,182,0,1,technical_error,0,1
T104615,C1162,2961.93,3,1,1361,1,1,technical_error,0,1
T104616,C1728,909.1,2,1,132,0,1,temporary_failure,0,1
T104617,C1776,509.59,6,1,476,1,1,expired_method,0,1
T104618,C1263,896.04,6,1,645,1,0,technical_error,1,1
T104619,C1804,4313.71,3,0,825,1,0,insufficient_funds,1,1
T104620,C1274,896.7,7,0,699,0,1,checkout_abandoned,0,1
T104621,C1003,1712.55,4,2,1264,0,0,expired_method,0,1
T104622,C1028,844.07,3,0,1345,1,1,checkout_abandoned,1,0
T104623,C1326,2374.56,6,2,658,1,1,expired_method,1,1
T104624,C1149,2003.4,7,1,1223,0,1,technical_error,0,1
T104625,C1540,437.73,4,1,510,1,1,expired_method,0,1
T104626,C1488,1637.66,3,1,1320,0,0,insufficient_funds,1,1
T104627,C1822,379.2,4,2,330,0,1,insufficient_funds,0,1
T104628,C1438,883.99,2,0,70,1,0,authentication_failure,1,1
T104629,C1065,1327.99,7,2,1171,0,0,expired_method,1,1
T104630,C1356,5351.59,6,1,135,0,1,authentication_failure,0,1
T104631,C1533,1700.09,5,0,201,1,1,temporary_failure,0,1
T104632,C1252,753.47,4,0,1247,1,0,technical_error,0,1
T104633,C1235,1055.84,7,1,202,1,1,temporary_failure,0,1
T104634,C1227,2678.86,5,4,598,0,1,checkout_abandoned,0,1
T104635,C1525,761.17,6,0,1056,1,1,authentication_failure,0,1
T104636,C1313,3049.5,2,0,752,1,1,expired_method,0,1
T104637,C1049,904.8,4,2,392,1,0,expired_method,0,1
T104638,C1118,674.19,7,3,1189,0,1,technical_error,0,1
T104639,C1054,926.81,3,1,1126,0,0,temporary_failure,0,1
T104640,C1650,398.53,4,3,835,1,0,checkout_abandoned,0,1
T104641,C1565,262.58,4,0,713,0,0,temporary_failure,0,1
T104642,C1044,1259.03,5,1,618,0,0,technical_error,0,1
T104643,C1815,1273.5,2,2,1163,0,1,checkout_abandoned,0,1
T104644,C1053,1623.51,6,1,1460,0,1,technical_error,0,1
T104645,C1586,1254.38,5,2,234,0,1,technical_error,0,1
T104646,C1558,7684.34,4,2,21,1,0,insufficient_funds,0,1
T104647,C1525,1519.76,4,1,357,1,0,temporary_failure,1,1
T104648,C1677,477.07,4,1,812,0,1,expired_method,0,1
T104649,C1102,578.28,6,1,83,1,1,temporary_failure,0,1
T104650,C1792,1339.74,5,2,1144,0,1,expired_method,0,1
T104651,C1770,966.26,2,0,898,0,1,insufficient_funds,0,1
T104652,C1849,533.06,4,2,206,0,1,technical_error,0,1
T104653,C1868,1281.6,8,3,200,0,0,temporary_failure,0,1
T104654,C1398,1295.73,7,1,946,0,1,expired_method,1,1
T104655,C1138,4432.73,10,0,1097,1,1,authentication_failure,0,1
T104656,C1675,673.8,4,0,660,1,1,technical_error,0,1
T104657,C1387,979.17,4,0,503,0,1,expired_method,0,1
T104658,C1111,4422.51,2,5,1098,0,1,expired_method,0,1
T104659,C1614,1713.75,2,2,672,0,1,expired_method,0,1
T104660,C1017,670.84,5,1,269,1,1,expired_method,0,1
T104661,C1780,783.64,5,1,178,0,1,authentication_failure,0,1
T104662,C1182,538.82,5,1,186,1,1,authentication_failure,0,1
T104663,C1884,1419.35,8,0,1178,0,0,checkout_abandoned,0,1
T104664,C1536,2902.62,5,1,596,0,0,technical_error,0,1
T104665,C1541,4551.34,9,0,64,1,1,technical_error,0,1
T104666,C1171,439.35,6,2,643,0,1,insufficient_funds,0,1
T104667,C1409,2570.45,5,0,548,1,0,temporary_failure,1,1
T104668,C1740,1515.1,7,3,696,1,1,expired_method,1,1
T104669,C1378,1100.54,2,0,145,1,1,authentication_failure,0,1
T104670,C1188,979.46,3,2,1405,1,0,technical_error,1,1
T104671,C1858,317.13,6,1,1056,1,1,insufficient_funds,1,0
T104672,C1230,2161.37,2,3,547,0,1,technical_error,1,1
T104673,C1833,498.13,4,0,171,1,1,expired_method,0,1
T104674,C1852,764.22,3,1,169,1,0,temporary_failure,0,1
T104675,C1119,1832.6,7,3,527,0,0,checkout_abandoned,1,1
T104676,C1156,342.93,6,2,1410,0,1,technical_error,0,1
T104677,C1784,497.4,4,2,324,0,0,insufficient_funds,1,0
T104678,C1687,3340.9,5,1,699,0,1,temporary_failure,0,1
T104679,C1465,1467.84,7,2,717,0,1,temporary_failure,0,1
T104680,C1104,815.13,7,0,1250,0,1,temporary_failure,0,1
T104681,C1604,1472.18,1,1,273,1,1,insufficient_funds,0,1
T104682,C1698,2213.01,5,1,951,0,0,expired_method,1,1
T104683,C1795,3113.73,4,2,349,1,1,insufficient_funds,1,0
T104684,C1502,581.54,6,2,471,1,1,insufficient_funds,0,1
T104685,C1693,621.03,6,1,1194,0,1,insufficient_funds,0,1
T104686,C1682,2113.83,6,0,323,0,1,authentication_failure,0,1
T104687,C1699,2165.29,7,3,893,0,1,authentication_failure,0,1
T104688,C1175,488.83,8,1,140,1,1,expired_method,1,1
T104689,C1734,638.75,3,0,88,1,0,expired_method,0,1
T104690,C1745,1158.28,6,1,676,1,0,expired_method,1,1
T104691,C1674,1363.33,2,2,74,1,1,temporary_failure,1,1
T104692,C1421,1392.63,2,0,578,0,0,expired_method,0,1
T104693,C1134,483.24,1,1,1452,0,1,temporary_failure,1,1
T104694,C1391,1382.12,5,0,957,0,1,expired_method,0,1
T104695,C1736,782.09,5,3,956,0,0,checkout_abandoned,1,1
T104696,C1501,558.5,4,3,794,0,1,technical_error,0,1
T104697,C1665,1328.43,4,1,61,1,1,technical_error,1,1
T104698,C1033,1230.6,3,2,953,0,1,checkout_abandoned,0,1
T104699,C1055,2443.7,3,1,835,0,0,checkout_abandoned,0,1
T104700,C1519,702.24,5,2,1059,1,1,technical_error,0,1
T104701,C1756,1597.79,5,3,1060,1,0,checkout_abandoned,1,1
T104702,C1825,413.02,2,0,1313,0,1,insufficient_funds,0,1
T104703,C1638,1089.92,3,1,346,1,0,authentication_failure,1,0
T104704,C1012,1896.49,5,2,148,0,1,expired_method,0,1
T104705,C1528,2020.33,2,0,401,1,1,temporary_failure,1,1
T104706,C1720,2030.68,8,3,243,1,1,expired_method,0,1
T104707,C1555,2448.62,1,0,441,0,1,insufficient_funds,1,0
T104708,C1373,958.78,2,1,297,1,1,checkout_abandoned,0,1
T104709,C1484,1942.62,10,2,38,1,1,technical_error,0,1
T104710,C1647,5440.13,7,4,1139,0,0,technical_error,1,1
T104711,C1228,943.55,2,0,617,1,0,expired_method,0,1
T104712,C1623,3771.2,4,0,513,1,1,technical_error,0,1
T104713,C1307,2584.67,4,0,642,1,1,checkout_abandoned,0,1
T104714,C1457,1096.92,3,0,625,1,0,temporary_failure,0,1
T104715,C1160,1167.76,6,1,1210,0,0,authentication_failure,1,0
T104716,C1331,1463.82,4,3,662,0,1,expired_method,0,1
T104717,C1776,2477.79,4,2,1417,0,1,temporary_failure,0,1
T104718,C1225,1811.62,5,1,307,1,1,insufficient_funds,0,1
T104719,C1729,938.0,6,1,1299,1,1,authentication_failure,1,1
T104720,C1504,281.03,6,4,1187,0,1,expired_method,0,1
T104721,C1456,2217.49,7,0,803,0,1,technical_error,0,1
T104722,C1045,314.39,5,0,734,0,0,authentication_failure,0,1
T104723,C1214,480.83,2,1,928,0,0,temporary_failure,1,0
T104724,C1059,990.43,9,2,949,0,1,checkout_abandoned,0,1
T104725,C1644,538.85,7,1,1109,0,1,insufficient_funds,0,1
T104726,C1616,1699.6,4,1,1204,0,1,insufficient_funds,0,1
T104727,C1195,1072.62,4,1,769,1,1,checkout_abandoned,0,1
T104728,C1489,2413.72,0,1,835,1,1,temporary_failure,0,1
T104729,C1157,401.1,9,2,853,1,1,insufficient_funds,1,1
T104730,C1610,815.32,6,2,109,0,1,checkout_abandoned,0,1
T104731,C1226,1343.66,6,0,283,1,0,authentication_failure,0,1
T104732,C1412,1383.05,4,1,307,0,1,temporary_failure,0,1
T104733,C1205,2254.15,4,1,221,1,1,checkout_abandoned,0,1
T104734,C1079,674.56,6,1,1035,1,1,technical_error,0,1
T104735,C1124,942.93,7,1,965,1,1,checkout_abandoned,0,1
T104736,C1471,1959.63,6,0,298,1,1,technical_error,0,1
T104737,C1218,257.52,4,1,218,0,1,expired_method,1,0
T104738,C1516,1787.73,7,2,621,1,0,expired_method,0,1
T104739,C1602,2375.5,3,0,706,1,1,expired_method,0,1
T104740,C1104,492.63,6,0,455,0,1,checkout_abandoned,0,1
T104741,C1393,1057.57,2,0,200,1,1,technical_error,0,1
T104742,C1631,4103.09,6,0,850,0,1,technical_error,0,1
T104743,C1645,2197.05,5,1,680,1,1,temporary_failure,0,1
T104744,C1824,1872.87,4,6,606,0,1,authentication_failure,0,1
T104745,C1608,2816.41,3,2,1055,0,1,technical_error,1,1
T104746,C1434,5184.4,4,1,282,0,0,expired_method,0,1
T104747,C1331,1358.18,9,1,1164,0,1,authentication_failure,0,1
T104748,C1143,986.94,2,1,298,1,1,technical_error,0,1
T104749,C1800,2811.3,3,2,201,0,1,technical_error,1,1
T104750,C1540,1163.76,5,1,275,1,1,expired_method,0,1
T104751,C1278,667.8,3,1,845,1,1,temporary_failure,0,1
T104752,C1233,893.32,4,1,252,0,1,authentication_failure,0,1
T104753,C1529,1692.98,6,1,687,0,1,technical_error,0,1
T104754,C1571,956.04,11,0,1001,1,1,insufficient_funds,0,1
T104755,C1090,1011.07,6,2,690,1,1,insufficient_funds,0,1
T104756,C1492,619.87,3,0,221,0,1,technical_error,0,1
T104757,C1199,3930.51,4,1,710,0,1,insufficient_funds,0,1
T104758,C1362,1035.9,7,3,920,1,1,authentication_failure,0,1
T104759,C1441,785.54,1,0,829,0,1,expired_method,0,1
T104760,C1026,850.78,5,3,17,1,1,expired_method,0,1
T104761,C1025,2445.23,4,0,1473,0,1,temporary_failure,0,1
T104762,C1394,2058.84,3,2,595,0,0,temporary_failure,1,1
T104763,C1507,919.3,9,1,87,1,0,technical_error,1,0
T104764,C1301,1372.29,4,3,901,0,1,temporary_failure,0,1
T104765,C1339,1648.35,1,0,708,0,1,temporary_failure,0,1
T104766,C1267,789.93,5,0,1247,0,0,authentication_failure,0,1
T104767,C1461,421.8,8,2,1212,1,1,insufficient_funds,0,1
T104768,C1693,1970.96,7,1,580,0,1,insufficient_funds,0,1
T104769,C1456,823.41,3,1,1062,0,1,insufficient_funds,0,1
T104770,C1360,1863.59,3,1,614,0,0,temporary_failure,0,1
T104771,C1068,1704.06,4,1,71,0,1,temporary_failure,0,1
T104772,C1863,1396.67,9,0,1168,0,0,temporary_failure,0,1
T104773,C1412,973.02,3,0,437,1,0,technical_error,0,1
T104774,C1491,832.6,7,1,1167,0,1,insufficient_funds,0,1
T104775,C1833,570.31,8,0,492,1,1,expired_method,0,1
T104776,C1049,844.66,8,0,839,0,1,insufficient_funds,0,1
T104777,C1687,2052.08,3,0,1101,0,1,authentication_failure,0,1
T104778,C1564,3821.39,1,3,1495,0,1,expired_method,0,1
T104779,C1102,3423.18,2,1,774,0,1,checkout_abandoned,0,1
T104780,C1216,1493.78,2,0,463,0,0,expired_method,0,1
T104781,C1438,3819.87,3,2,26,1,0,expired_method,0,1
T104782,C1700,1064.1,2,3,954,1,1,technical_error,0,1
T104783,C1569,508.63,8,3,161,0,1,expired_method,0,1
T104784,C1559,5657.04,8,0,470,1,1,authentication_failure,0,1
T104785,C1159,1997.41,3,1,257,0,1,expired_method,0,1
T104786,C1489,423.7,6,2,1429,0,1,insufficient_funds,1,0
T104787,C1686,4312.56,4,2,166,0,0,temporary_failure,1,1
T104788,C1242,766.96,10,3,609,0,1,temporary_failure,1,1
T104789,C1794,902.88,6,1,1351,0,0,temporary_failure,1,1
T104790,C1753,2881.42,4,0,107,1,0,checkout_abandoned,0,1
T104791,C1882,3719.26,7,1,1111,0,1,technical_error,0,1
T104792,C1005,632.35,2,1,548,0,1,temporary_failure,0,1
T104793,C1596,4036.94,2,1,305,1,1,temporary_failure,0,1
T104794,C1820,2580.34,8,0,1464,0,0,insufficient_funds,0,1
T104795,C1361,735.23,2,3,409,0,0,insufficient_funds,0,1
T104796,C1459,1113.84,5,4,22,0,1,authentication_failure,0,1
T104797,C1248,4175.97,9,0,447,0,1,checkout_abandoned,0,1
T104798,C1566,415.54,5,3,1432,1,0,checkout_abandoned,0,1
T104799,C1673,3772.66,5,0,674,0,1,temporary_failure,0,1
T104800,C1422,2527.04,5,0,409,1,1,temporary_failure,0,1
T104801,C1738,1962.27,4,0,1077,0,1,technical_error,0,1
T104802,C1015,1478.48,5,2,1405,0,1,insufficient_funds,0,1
T104803,C1736,5869.96,5,0,383,0,1,technical_error,0,1
T104804,C1573,6558.01,10,1,1013,0,1,insufficient_funds,0,1
T104805,C1122,844.36,8,2,568,0,0,insufficient_funds,0,1
T104806,C1277,2119.96,2,2,494,0,0,authentication_failure,1,0
T104807,C1558,5463.16,6,3,426,0,0,temporary_failure,0,1
T104808,C1453,743.39,6,2,1117,0,1,expired_method,0,1
T104809,C1390,1607.37,3,1,675,1,0,technical_error,0,1
T104810,C1294,2843.83,9,1,492,0,1,temporary_failure,0,1
T104811,C1574,295.55,2,1,1329,1,1,expired_method,0,1
T104812,C1598,2493.43,5,1,848,1,0,insufficient_funds,0,1
T104813,C1446,592.1,2,3,115,0,1,authentication_failure,0,1
T104814,C1210,1547.27,5,0,1242,0,1,temporary_failure,0,1
T104815,C1590,3159.78,3,1,800,0,0,insufficient_funds,1,0
T104816,C1714,223.21,1,3,821,0,1,expired_method,0,1
T104817,C1302,2414.85,7,1,859,0,0,technical_error,0,1
T104818,C1223,6177.98,6,0,179,0,1,checkout_abandoned,0,1
T104819,C1734,897.87,8,2,789,0,0,technical_error,0,1
T104820,C1003,2064.24,4,1,519,0,1,checkout_abandoned,1,0
T104821,C1518,3646.29,1,0,359,0,1,checkout_abandoned,0,1
T104822,C1093,405.57,5,0,475,0,1,technical_error,1,1
T104823,C1520,2363.8,4,2,1114,0,1,temporary_failure,0,1
T104824,C1428,2886.57,5,1,458,1,0,expired_method,1,1
T104825,C1493,2162.38,3,0,641,1,1,authentication_failure,0,1
T104826,C1235,1429.34,4,0,1134,0,1,technical_error,0,1
T104827,C1620,632.51,5,1,1402,1,1,authentication_failure,0,1
T104828,C1161,3803.08,8,1,774,0,1,temporary_failure,0,1
T104829,C1721,1374.54,5,1,1298,0,1,technical_error,0,1
T104830,C1752,680.0,12,0,211,0,1,checkout_abandoned,0,1
T104831,C1331,1055.19,5,1,1151,0,1,checkout_abandoned,0,1
T104832,C1333,1765.68,6,0,1156,1,0,checkout_abandoned,1,1
T104833,C1050,415.35,1,2,1058,1,0,authentication_failure,0,1
T104834,C1523,1357.56,7,1,378,1,1,temporary_failure,0,1
T104835,C1863,979.79,3,3,394,0,1,expired_method,0,1
T104836,C1668,3648.31,8,1,283,0,0,technical_error,0,1
T104837,C1492,328.27,5,2,1080,0,0,expired_method,1,1
T104838,C1582,2708.28,4,2,344,1,1,checkout_abandoned,0,1
T104839,C1681,3877.02,6,1,1450,0,0,insufficient_funds,1,0
T104840,C1272,337.71,4,2,543,1,1,technical_error,0,1
T104841,C1580,369.49,6,2,353,0,1,insufficient_funds,1,0
T104842,C1867,5112.4,5,1,1354,1,1,authentication_failure,0,1
T104843,C1252,679.75,5,1,1172,0,0,expired_method,0,1
T104844,C1560,13644.91,5,2,116,1,1,temporary_failure,0,1
T104845,C1696,345.72,4,0,931,0,1,checkout_abandoned,0,1
T104846,C1832,1521.63,4,1,355,1,1,temporary_failure,0,1
T104847,C1699,1316.14,4,1,719,1,1,checkout_abandoned,0,1
T104848,C1090,1145.79,5,1,1002,1,0,insufficient_funds,0,1
T104849,C1446,1895.47,6,1,456,0,0,checkout_abandoned,0,1
T104850,C1332,1979.27,6,1,471,1,0,temporary_failure,1,1
T104851,C1139,1181.16,11,2,1249,1,0,insufficient_funds,0,1
T104852,C1357,626.01,8,1,815,1,0,authentication_failure,0,1
T104853,C1601,2938.99,6,2,1415,0,0,temporary_failure,0,1
T104854,C1274,2145.31,5,2,1082,1,1,checkout_abandoned,0,1
T104855,C1019,1459.63,8,0,666,0,1,expired_method,0,1
T104856,C1311,2094.93,3,0,1090,0,1,temporary_failure,0,1
T104857,C1870,2384.41,7,1,348,0,1,expired_method,0,1
T104858,C1886,756.5,6,2,1041,0,0,temporary_failure,0,1
T104859,C1154,2039.6,5,3,705,0,1,technical_error,1,1
T104860,C1390,884.68,4,0,32,0,1,insufficient_funds,0,1
T104861,C1260,2444.33,7,1,1077,1,0,temporary_failure,0,1
T104862,C1620,1159.45,3,2,446,1,0,expired_method,0,1
T104863,C1883,2119.19,4,3,918,1,1,checkout_abandoned,0,1
T104864,C1797,967.44,5,2,1102,1,0,checkout_abandoned,0,1
T104865,C1571,2203.44,1,1,603,0,1,temporary_failure,0,1
T104866,C1125,642.86,4,0,522,0,1,temporary_failure,0,1
T104867,C1354,1376.26,5,0,1006,1,1,technical_error,1,1
T104868,C1273,2794.68,7,1,286,1,1,expired_method,0,1
T104869,C1619,1901.51,4,0,501,0,1,temporary_failure,0,1
T104870,C1811,1546.92,6,1,92,0,0,temporary_failure,0,1
T104871,C1245,5180.57,3,2,1345,0,1,insufficient_funds,0,1
T104872,C1848,2886.29,4,2,111,0,1,checkout_abandoned,0,1
T104873,C1450,2544.41,5,1,1259,0,1,insufficient_funds,0,1
T104874,C1247,2194.09,7,3,1419,1,0,temporary_failure,0,1
T104875,C1520,2409.13,3,2,477,0,1,insufficient_funds,0,1
T104876,C1141,4641.66,8,1,808,1,1,expired_method,1,1
T104877,C1362,979.21,5,1,1174,0,1,authentication_failure,0,1
T104878,C1008,2855.64,6,2,1007,0,0,insufficient_funds,0,1
T104879,C1478,1749.99,2,2,341,1,0,technical_error,0,1
T104880,C1352,1004.92,3,1,962,0,1,authentication_failure,0,1
T104881,C1495,1242.9,3,0,1302,0,1,authentication_failure,1,0
T104882,C1606,1578.71,7,2,1377,0,0,insufficient_funds,1,1
T104883,C1833,702.78,9,1,1009,0,1,expired_method,0,1
T104884,C1427,2560.63,8,3,891,1,0,authentication_failure,0,1
T104885,C1039,1239.99,2,2,103,0,1,expired_method,0,1
T104886,C1593,1427.52,4,2,932,1,0,checkout_abandoned,0,1
T104887,C1187,3706.72,5,2,1103,0,1,expired_method,0,1
T104888,C1596,1476.32,4,2,1159,0,1,expired_method,0,1
T104889,C1600,4291.97,6,0,1416,1,1,authentication_failure,1,1
T104890,C1754,903.6,6,0,1221,0,1,authentication_failure,0,1
T104891,C1854,588.28,5,0,515,0,0,authentication_failure,0,1
T104892,C1093,1077.61,5,1,591,0,1,checkout_abandoned,1,1
T104893,C1086,162.22,7,2,920,1,1,expired_method,0,1
T104894,C1044,2642.08,3,1,321,1,1,technical_error,1,1
T104895,C1137,614.51,2,2,1168,0,0,temporary_failure,0,1
T104896,C1421,842.8,6,1,1182,0,1,temporary_failure,0,1
T104897,C1074,2292.07,6,1,1135,1,1,temporary_failure,1,1
T104898,C1548,1464.6,8,0,367,0,1,authentication_failure,0,1
T104899,C1613,962.55,7,1,151,1,0,expired_method,0,1
T104900,C1512,290.79,5,2,840,1,1,temporary_failure,0,1
T104901,C1156,3553.21,3,0,180,1,1,insufficient_funds,0,1
T104902,C1255,2303.79,3,0,1398,1,1,authentication_failure,1,1
T104903,C1171,6259.1,6,0,21,0,0,authentication_failure,1,1
T104904,C1728,856.38,7,2,1088,1,0,insufficient_funds,0,1
T104905,C1170,449.96,10,1,511,0,1,technical_error,1,1
T104906,C1764,2824.44,6,0,990,0,1,technical_error,0,1
T104907,C1872,1163.23,6,0,895,1,1,expired_method,0,1
T104908,C1322,2145.5,5,0,925,0,0,checkout_abandoned,0,1
T104909,C1567,4513.99,2,2,901,1,1,insufficient_funds,0,1
T104910,C1456,1792.05,5,3,612,1,1,temporary_failure,0,1
T104911,C1603,1518.49,7,1,334,1,1,temporary_failure,0,1
T104912,C1790,1591.61,8,2,506,0,0,checkout_abandoned,0,1
T104913,C1613,392.31,3,0,325,1,1,insufficient_funds,0,1
T104914,C1155,3074.9,5,2,181,0,1,insufficient_funds,0,1
T104915,C1889,3226.21,6,0,1423,0,0,expired_method,0,1
T104916,C1349,1994.06,7,2,590,1,1,technical_error,0,1
T104917,C1451,429.85,6,0,1311,1,0,checkout_abandoned,1,1
T104918,C1876,1223.09,5,1,1354,1,1,technical_error,1,1
T104919,C1653,3939.84,4,0,93,0,1,temporary_failure,0,1
T104920,C1173,876.28,4,1,97,1,0,authentication_failure,0,1
T104921,C1010,3255.79,5,2,1181,1,1,authentication_failure,0,1
T104922,C1740,1395.94,5,0,775,0,1,temporary_failure,0,1
T104923,C1265,2285.59,11,0,953,0,1,expired_method,0,1
T104924,C1438,983.28,6,3,742,0,0,temporary_failure,1,1
T104925,C1760,1426.94,4,0,755,0,1,technical_error,0,1
T104926,C1247,1858.52,3,3,545,0,1,insufficient_funds,0,1
T104927,C1667,594.41,5,0,337,0,1,expired_method,0,1
T104928,C1546,1644.9,3,2,107,1,1,authentication_failure,0,1
T104929,C1499,178.32,7,0,223,0,1,authentication_failure,0,1
T104930,C1129,853.1,5,3,816,1,1,expired_method,0,1
T104931,C1672,2014.07,3,5,320,0,1,technical_error,0,1
T104932,C1601,3103.23,7,1,1405,0,0,checkout_abandoned,0,1
T104933,C1605,1909.44,3,2,192,0,1,insufficient_funds,1,0
T104934,C1327,472.13,2,0,207,1,1,authentication_failure,1,0
T104935,C1753,2906.32,5,0,1366,0,1,checkout_abandoned,0,1
T104936,C1835,570.0,1,1,419,0,1,temporary_failure,0,1
T104937,C1404,2123.13,5,3,730,1,1,technical_error,1,1
T104938,C1629,584.42,7,3,366,0,1,checkout_abandoned,0,1
T104939,C1606,750.02,4,1,1124,1,1,checkout_abandoned,0,1
T104940,C1675,653.76,5,0,865,0,1,expired_method,0,1
T104941,C1611,1486.56,6,1,1208,1,1,temporary_failure,0,1
T104942,C1625,1156.73,4,1,663,0,1,temporary_failure,0,1
T104943,C1359,1961.93,6,0,652,0,1,temporary_failure,1,1
T104944,C1603,1320.84,8,2,974,0,1,technical_error,1,1
T104945,C1858,429.06,5,0,648,0,1,technical_error,0,1
T104946,C1718,1647.24,5,2,770,1,0,temporary_failure,0,1
T104947,C1017,357.23,3,0,1431,1,1,authentication_failure,0,1
T104948,C1274,690.29,8,0,273,1,0,expired_method,0,1
T104949,C1685,1019.5,6,1,738,0,1,temporary_failure,0,1
T104950,C1116,967.87,2,1,536,1,1,expired_method,0,1
T104951,C1861,389.34,3,2,1206,0,1,insufficient_funds,0,1
T104952,C1693,3745.72,5,2,750,0,1,temporary_failure,0,1
T104953,C1091,4610.09,5,1,1206,0,1,expired_method,0,1
T104954,C1082,7245.1,8,3,1292,1,1,checkout_abandoned,0,1
T104955,C1324,3167.63,3,0,374,0,0,expired_method,0,1
T104956,C1114,995.67,4,0,1428,0,0,insufficient_funds,0,1
T104957,C1769,982.88,5,0,18,1,1,technical_error,0,1
T104958,C1058,943.01,5,2,1293,0,1,temporary_failure,0,1
T104959,C1154,5938.6,4,0,122,1,1,checkout_abandoned,0,1
T104960,C1877,1228.25,4,1,484,1,1,expired_method,1,1
T104961,C1404,3470.05,5,1,488,0,1,insufficient_funds,0,1
T104962,C1628,3273.37,7,1,1211,1,1,expired_method,0,1
T104963,C1855,1544.05,11,1,857,0,1,insufficient_funds,1,1
T104964,C1266,450.91,4,0,491,0,1,checkout_abandoned,0,1
T104965,C1315,1248.33,5,1,437,1,1,temporary_failure,0,1
T104966,C1715,1495.51,7,2,194,1,1,expired_method,0,1
T104967,C1041,3492.74,2,1,725,0,1,insufficient_funds,0,1
T104968,C1105,1359.12,4,3,590,0,1,insufficient_funds,0,1
T104969,C1890,541.07,3,1,385,0,1,expired_method,0,1
T104970,C1193,2809.98,4,0,688,1,1,insufficient_funds,0,1
T104971,C1401,1129.29,5,1,939,1,1,expired_method,1,1
T104972,C1278,198.55,10,2,455,0,1,expired_method,0,1
T104973,C1354,1709.13,6,1,1045,1,1,authentication_failure,0,1
T104974,C1749,1949.99,3,3,1230,1,1,insufficient_funds,1,0
T104975,C1733,711.8,3,1,575,0,1,authentication_failure,0,1
T104976,C1580,1159.76,6,2,881,0,1,checkout_abandoned,0,1
T104977,C1709,2193.57,5,1,494,0,1,technical_error,1,1
T104978,C1256,1717.87,14,2,345,1,1,temporary_failure,0,1
T104979,C1651,414.89,4,2,1362,0,1,authentication_failure,0,1
T104980,C1824,3429.48,6,2,746,1,0,authentication_failure,0,1
T104981,C1661,4816.24,5,2,686,1,1,technical_error,0,1
T104982,C1099,913.57,5,2,1450,0,1,technical_error,0,1
T104983,C1588,319.77,4,1,1170,1,1,checkout_abandoned,0,1
T104984,C1282,2388.29,4,0,283,0,1,authentication_failure,0,1
T104985,C1883,808.5,4,0,1391,1,1,temporary_failure,1,1
T104986,C1403,2001.37,2,0,1495,1,1,expired_method,0,1
T104987,C1109,6985.75,6,1,240,1,1,authentication_failure,0,1
T104988,C1700,420.01,2,0,240,1,1,temporary_failure,0,1
T104989,C1199,736.96,2,1,1148,0,0,temporary_failure,0,1
T104990,C1303,1157.64,5,0,719,0,0,technical_error,0,1
T104991,C1327,3528.96,4,0,524,1,1,technical_error,0,1
T104992,C1154,19277.87,2,0,121,0,0,temporary_failure,0,1
T104993,C1552,1612.13,4,0,1179,1,1,technical_error,0,1
T104994,C1645,393.8,5,1,942,1,1,technical_error,0,1
T104995,C1405,1033.66,5,1,1382,0,1,insufficient_funds,0,1
T104996,C1462,749.08,7,1,1069,0,0,insufficient_funds,1,1
T104997,C1132,2301.21,10,1,1241,0,1,technical_error,0,1
T104998,C1791,1776.97,5,1,13,0,1,temporary_failure,0,1
T104999,C1874,613.17,5,1,1153,0,0,checkout_abandoned,0,1
